"Name of Hospital"	"Hospital Id"	Mobile	Email	"Hospital Type"	Address	District	hospital
"CHC CHERUVADI",HOSP11CHC001,4952208150,cheruvadichc@gmail.com,CHC,"Cheruvadi PO, Mavoor Via-673661",KOZHIKODE,6440d353bc3a1cbc36097180
"CHC CHERUVANNUR",HOSP11CHC002,4952487090,chccheruvannur@gmail.com,CHC,"Kolathara (po), Kundayithode Pin. 673655 ",KOZHIKODE,6440d353bc3a1cbc36097181
"CHC KODENCHERY",HOSP11CHC003,4952937960,chckodanchery@gmail.com,CHC,"Kodanchery Post, Kozhikode 673580",KOZHIKODE,6440d353bc3a1cbc36097182
"CHC KODUVALLY",HOSP11CHC004,4952964594,chckoduvally@gmail.com,CHC,"KODUVALLY P.O,KOZHIKODE",KOZHIKODE,6440d353bc3a1cbc36097183
"CHC KOORACHUNDU",HOSP11CHC005,4962661939,phckoorachundu@gmail.com,CHC,"Koorachund Po 673527",KOZHIKODE,6440d353bc3a1cbc36097184
"CHC KUNNUMMAL",HOSP11CHC006,4962937299,"chckunnummal@gmail.com ",CHC,"Kakkattil (po) Kozhikode ",KOZHIKODE,6440d353bc3a1cbc36097185
"CHC MELADY",HOSP11CHC007,4962602170,mochcmelady@gmail.com,CHC,"Thikkodi (po),Kozhikode, 673529 Pin",KOZHIKODE,6440d353bc3a1cbc36097186
"CHC MUKKAM",HOSP11CHC008,4952297260,chcmukkam2@gmail.com,CHC,"Mukkam (P.O) KOZHIKODE ",KOZHIKODE,6440d353bc3a1cbc36097187
"CHC NARIKUNI",HOSP11CHC009,,chcnarikkuni@gmail.com,CHC,"Narikkuni P. O, Kozhikode",KOZHIKODE,6440d353bc3a1cbc36097188
"CHC OLAVANNA",HOSP11CHC010,4952430074,"chcolavanna@gmail.com ",CHC,"kodanatu mukku,Olavanna",KOZHIKODE,6440d353bc3a1cbc36097189
"CHC ORKATERY",HOSP11CHC011,,,CHC,,KOZHIKODE,6440d353bc3a1cbc3609718a
"CHC THALAKULATHUR",HOSP11CHC012,4952853005,chcthalakulathur@gmail.com,CHC,"Thalakulathur.P.O, Kozhikode,Pin : 673317",KOZHIKODE,6440d353bc3a1cbc3609718b
"CHC THIRUVALLUR",HOSP11CHC013,4962962340,chcthiruvallur@gmail.com,CHC,"KANJIRATTUTHARA,THIRUVALLUR.P.O",KOZHIKODE,6440d353bc3a1cbc3609718c
"CHC THIRUVANGOOR",HOSP11CHC014,4962634260,phcthiruvangoor@gmail.com,CHC,"Thiruvangoor PO, Kozhikode - 673304",KOZHIKODE,6440d353bc3a1cbc3609718d
"CHC ULLIYERI",HOSP11CHC015,4962964225,mochculliyeri@gmail.com,CHC,"ULLIYERI PO, KOZHIKODE-673323",KOZHIKODE,6440d353bc3a1cbc3609718e
"CHC VALAYAM",HOSP11CHC016,,,CHC,,KOZHIKODE,6440d353bc3a1cbc3609718f
"MCH UNIT CHERUPPA ",HOSP11CHC017,4952962045,mchunitcheruppa@gmail.com,MCH,"CHERUPPA (PO)- 673661","KOZHIKODE ",6440d353bc3a1cbc36097190
"MCH Kozhikode",HOSP11MCH001,9745636707,promchkozhikode@gmail.com,MCH,"Govt.Medical College","KOZHIKODE ",6440d353bc3a1cbc36097191
"IMCH Kozhikode",HOSP11MCH002,9446340549,superintendentimch@gmail.com,MCH,"INSTITUTE OF MATERNAL & CHILD HEALTH, GOVT. MEDICAL COLLEGE, KOZHIKODE","KOZHIKODE ",6440d353bc3a1cbc36097192
"ICD Kozhikode",HOSP11MCH003,,,MCH,,"KOZHIKODE ",6440d353bc3a1cbc36097193
"PHC ARIKKULAM",HOSP11PHC001,4962696731,phcakl@gmail.com,PHC,"Arikkulam Post, Koyilandy Via, Kozhikode ","KOZHIKODE ",6440d353bc3a1cbc36097194
"PHC ATHOLI",HOSP11PHC002,"0496 2934898",phcentreatholi@gmail.com,PHC,"Velur PO, Atholi, Kozhikode - 673315","KOZHIKODE ",6440d353bc3a1cbc36097195
"PHC AVALA",HOSP11PHC003,,,PHC,,"KOZHIKODE ",6440d353bc3a1cbc36097196
"PHC AYANCHERY",HOSP11PHC004,4962966343,phcayancheri@gmail.com,PHC,"kadameri.P.O,Villiappalli Via,673542","KOZHIKODE ",6440d353bc3a1cbc36097197
"PHC AZHIYUR",HOSP11PHC005,,,PHC,,"KOZHIKODE ",6440d353bc3a1cbc36097198
"PHC BEYPORE",HOSP11PHC006,,,PHC,,"KOZHIKODE ",6440d353bc3a1cbc36097199
"PHC CHALIYAM",HOSP11PHC007,,,PHC,,"KOZHIKODE ",6440d353bc3a1cbc3609719a
"PHC CHANGAROTH",HOSP11PHC008,4962994455,phcchangaroth@gmail.com,PHC,"Kadiyangad post perambra 673525","KOZHIKODE ",6440d353bc3a1cbc3609719b
"PHC CHEKKIAD",HOSP11PHC009,,,PHC,,"KOZHIKODE ",6440d353bc3a1cbc3609719c
"PHC CHENGOTTUKAVU",HOSP11PHC010,9447339541,phcchengottukavu@gmail.com,PHC,"FHC Chengottukavu, PO. Edakulam, Koyilandy-673306","KOZHIKODE ",6440d353bc3a1cbc3609719d
"PHC CHERUVANNUR NALLALAM",HOSP11PHC011,4952422235,phcnallalam@gmail.com,PHC,,"KOZHIKODE ",6440d353bc3a1cbc3609719e
"PHC CHOOLUR",HOSP11PHC012,4952964177,phcchoolur@gmail.com,PHC,"Phc choolur, Nechooli, Choolur P.O KKD 673601","KOZHIKODE ",6440d353bc3a1cbc3609719f
"PHC CHORODE",HOSP11PHC013,,,PHC,,"KOZHIKODE ",6440d353bc3a1cbc360971a0
"PHC EDACHERY",HOSP11PHC014,,,PHC,,"KOZHIKODE ",6440d353bc3a1cbc360971a1
"PHC ERAMANGALAM",HOSP11PHC015,,,PHC,,"KOZHIKODE ",6440d353bc3a1cbc360971a2
"PHC FISHERIES DISPENSARY VADAKARA",HOSP11PHC016,,,PHC,,"KOZHIKODE ",6440d353bc3a1cbc360971a3
"PHC GOVT RURAL DISPENSARY QTRS VELLIMADUKUNNU KDE",HOSP11PHC017,4952373713,govtdispensaryngoqts@gmail.com,PHC,"VELLIMADKUNNU PO KOZHIKODE 673012","KOZHIKODE ",6440d353bc3a1cbc360971a4
"PHC HEALTH & FAMILYWELFARE TRAINING CENTRE, KOZHIKODE",HOSP11PHC018,,,PHC,,"KOZHIKODE ",6440d353bc3a1cbc360971a5
"PHC IRINGAL KOTTAKKAL",HOSP11PHC019,9447489197,"iringalphckottakkal. gmail. com",PHC,"iringal kottakkal (po) vatakara(via)","KOZHIKODE ",6440d353bc3a1cbc360971a6
"PHC IRIVALLUR",HOSP11PHC020,,,PHC,,"KOZHIKODE ",6440d353bc3a1cbc360971a7
"PHC KAKKAYAM",HOSP11PHC021,,,PHC,,"KOZHIKODE ",6440d353bc3a1cbc360971a8
"PHC KAKKODI",HOSP11PHC022,,,PHC,,"KOZHIKODE ",6440d353bc3a1cbc360971a9
"PHC KAKKUR",HOSP11PHC023,,phckakkur@gmail.com,PHC,"FHC KAKKUR, P. C PALAM, Kozhikode","KOZHIKODE ",6440d353bc3a1cbc360971aa
"PHC KARASSERY",HOSP11PHC024,9605163252,"fhc2karassery@gmail.com ",PHC,"ALLY POST ,MUKKAM VIA,PIN 673602","KOZHIKODE ",6440d353bc3a1cbc360971ab
"PHC KATTIPPARA",HOSP11PHC025,,,PHC,,"KOZHIKODE ",6440d353bc3a1cbc360971ac
"PHC KAYAKKODY",HOSP11PHC026,,,PHC,,"KOZHIKODE ",6440d353bc3a1cbc360971ad
"PHC KAYANNA",HOSP11PHC027,,,PHC,,"KOZHIKODE ",6440d353bc3a1cbc360971ae
"PHC KEEZHARIYUR",HOSP11PHC028,9605478827,fhckeezhariyur@gmail.com,PHC,"Keezhariyur (Po),Koyilandy ,673307(Pin)","KOZHIKODE ",6440d353bc3a1cbc360971af
"PHC KIZHAKOTH",HOSP11PHC029,,,PHC,,"KOZHIKODE ",6440d353bc3a1cbc360971b0
"PHC KODIYATHUR",HOSP11PHC030,6238250415,phckodiyathur@gmail.com,PHC,"Kodiyathur (PO),Pin-673602","KOZHIKODE ",6440d353bc3a1cbc360971b1
"PHC KOLATHUR",HOSP11PHC031,4952456191,phckolathur@gmail.com,PHC,"Kolathur (PO), Kozhikode - 673315","KOZHIKODE ",6440d353bc3a1cbc360971b2
"PHC KOODARANJI",HOSP11PHC032,9895528204,koodaranhiphc@gmail.com,PHC,KOODARANJI(PO)KOOODARANJI,"KOZHIKODE ",6440d353bc3a1cbc360971b3
"PHC KOOTHALI",HOSP11PHC033,9847101528,phckoothali@gmail.com,PHC,"Thandorapara post,kayanna 673526","KOZHIKODE ",6440d353bc3a1cbc360971b4
"PHC KOTTUR",HOSP11PHC034,,,PHC,,"KOZHIKODE ",6440d353bc3a1cbc360971b5
"PHC KUNDUTHODE",HOSP11PHC035,,,PHC,,"KOZHIKODE ",6440d353bc3a1cbc360971b6
"PHC KUNNAMANGALAM",HOSP11PHC036,4952965170,mophckglm@gmail.com,PHC,"kunnamangalm PO Kozhikode ","KOZHIKODE ",6440d353bc3a1cbc360971b7
"PHC KURUVATTUR",HOSP11PHC037,0495-2811900,phckuruvattoor@gmail.com,PHC,"Kuruvattoor (P.O),Kozhikode,Pin;673611","KOZHIKODE ",6440d353bc3a1cbc360971b8
"PHC MADAPPALLY",HOSP11PHC038,,,PHC,,"KOZHIKODE ",6440d353bc3a1cbc360971b9
"PHC MADAVOOR",HOSP11PHC039,,,PHC,,"KOZHIKODE ",6440d353bc3a1cbc360971ba
"PHC MANGAD",HOSP11PHC040,,,PHC,,"KOZHIKODE ",6440d353bc3a1cbc360971bb
"PHC MANIYOOR",HOSP11PHC041,4962537350,phmaniyoor.kunnathukara@gmail.com,PHC,"MANIYUR,MUTHUVANA.P.O-673523","KOZHIKODE ",6440d353bc3a1cbc360971bc
"PHC MARUTHONKARA",HOSP11PHC042,4962935530,"phcmaruthomkara@gmail.com ",PHC,"Maruthonkara (PO) Kozhikode ,PIN 673513","KOZHIKODE ",6440d353bc3a1cbc360971bd
"PHC MCH UNIT CHERUPPA",HOSP11PHC043,,,PHC,,"KOZHIKODE ",6440d353bc3a1cbc360971be
"PHC MEPPAYYUR",HOSP11PHC044,4962677505,phcmeppayur@gmail.com,PHC,"MEPPAYUR POST,PAYYOLI VIA,673524","KOZHIKODE ",6440d353bc3a1cbc360971bf
"PHC MOODADI",HOSP11PHC045,4962966150,fhcmoodadi@gmail.com,PHC,"Moodadi North PO, Hill Bazar,Moodadi,Kozhikode,673307","KOZHIKODE ",6440d353bc3a1cbc360971c0
"PHC NADUVANNUR",HOSP11PHC046,4962930870,phcnaduvannur@gmail.com,PHC,"KAVIL.P.O,NADUVANNUR","KOZHIKODE ",6440d353bc3a1cbc360971c1
"PHC NARIPATTA",HOSP11PHC047,4962967383,phcnarippatta@gmail.com,PHC,"Chekkokkummal West  (PO),Kakkattil (VIA) 673507","KOZHIKODE ",6440d353bc3a1cbc360971c2
"PHC NOCHAD",HOSP11PHC048,9447409009,phcnochadu@gmail.com,PHC,"Chenoli .(PO),Perambra(Via) 673525","KOZHIKODE ",6440d353bc3a1cbc360971c3
"PHC OMESSARY",HOSP11PHC049,,,PHC,,"KOZHIKODE ",6440d353bc3a1cbc360971c4
"PHC PANANGAD",HOSP11PHC050,4962998764,phcpanangadkkd@gmail.com,PHC,"FHC PANANGAD ,kannadipoyil (po),balusseri","KOZHIKODE ",6440d353bc3a1cbc360971c5
"PHC PANNIKKOTTUR",HOSP11PHC051,9048683835,phcpannikkottur@gmail.com,PHC,"Chempanoda Post, Peruvannamuzhi, Perambra 673528","KOZHIKODE ",6440d353bc3a1cbc360971c6
"PHC PERUVANNAMUZHI",HOSP11PHC052,9747055710,phcmoozhi@gmail.com,PHC,"Peruvannamoozhi post,perambra,673528","KOZHIKODE ",6440d353bc3a1cbc360971c7
"PHC PERUVAYAL",HOSP11PHC053,7736853193,phcperuvayal@gmail.com,PHC,"KONARAMBA, PERUVAYAL PO, 673008","KOZHIKODE ",6440d353bc3a1cbc360971c8
"PHC PUDUPPADI",HOSP11PHC054,,,PHC,,"KOZHIKODE ",6440d353bc3a1cbc360971c9
"PHC PURAMERY",HOSP11PHC055,4962581880,phcpuramery@gmail.com,PHC,"PHC PURAMERI , AROOR P.O , KOZHIKODE  - 673507","KOZHIKODE ",6440d353bc3a1cbc360971ca
"PHC PUTHIYAPPA",HOSP11PHC056,4952984600,phcputhiyappa@gmail.com,PHC,"Puthiyangadi PO, kozhikode,673021","KOZHIKODE ",6440d353bc3a1cbc360971cb
"PHC RAMANATUKARA",HOSP11PHC057,4952441600,"fhcramanattukara@gmail.com ",PHC,"Ramantukara, Airport road ","KOZHIKODE ",6440d353bc3a1cbc360971cc
"PHC THIRUVAMBADI",HOSP11PHC058,4952255775,phctbdy@gmail.com,PHC,"Thazhe Thiruvambady Kozhikode 673603","KOZHIKODE ",6440d353bc3a1cbc360971cd
"PHC THURAYUR",HOSP11PHC059,4962470366,phcthurayur@gmail.com,PHC,"Payyoli Angadi Po PIN 673523","KOZHIKODE ",6440d353bc3a1cbc360971ce
"PHC TUNERI",HOSP11PHC060,,,PHC,,"KOZHIKODE ",6440d353bc3a1cbc360971cf
"PHC VANIMAL",HOSP11PHC061,,,PHC,,"KOZHIKODE ",6440d353bc3a1cbc360971d0
"PHC VAYALADA",HOSP11PHC062,4962083017,"vayaladaphc@gmail.com ",PHC,"VAYALADA PO, KOZHIKODE 673674","KOZHIKODE ",6440d353bc3a1cbc360971d1
"PHC VELAM",HOSP11PHC063,,,PHC,l,"KOZHIKODE ",6440d353bc3a1cbc360971d2
"PHC VILLYAPPALLI",HOSP11PHC064,,,PHC,,"KOZHIKODE ",6440d353bc3a1cbc360971d3
"FHC PERUMANNA ",HOSP11PHC065,0495-2966824,fhcperumanna@gmail.com,FHC,"Perumanna PO, Kottayithazham","KOZHIKODE ",6440d353bc3a1cbc360971d4
"TH Balussery",HOSP11TH001,9447219338,talukhospitalblsy@gmail.com,TH,"TH Balussery, Kozhikode ","KOZHIKODE ",6440d353bc3a1cbc360971d5
"TH Feroke",HOSP11TH002,4952482513,"mophcferoke@gmail.com ",TH,"Hospital management committee ","KOZHIKODE ",6440d353bc3a1cbc360971d6
"TH Kuttiyadi",HOSP11TH006,4962597173,thkuttiady@gmail.com,TH,"Kuttiady (PO), Kozhikode ","KOZHIKODE ",6440d353bc3a1cbc360971d7
"TH Nadapuram",HOSP11TH007,9496343191,thnadapuram@gmail.com,TH,"Hospital Development Committee","KOZHIKODE ",6440d353bc3a1cbc360971d8
"TH Perambra",HOSP11TH008,9747211594,thperambrarsby@gmail.com,TH,"Perambra PO, kozhikode, 673525","KOZHIKODE ",6440d353bc3a1cbc360971d9
"TH Thamarassery",HOSP11TH009,9961997700,gthtsy@gmail.com,TH,"Taluk Hospital Thamarassery, Thamarassery, Kozhikode, 673573Thamarassery","KOZHIKODE ",6440d353bc3a1cbc360971da
"THQH Koyilandy",HOSP11TH005,4962960241,talukhospitalkoyilandy@gmail.com,TH,"Koyilandy PO, Kozhikode - 673305","KOZHIKODE ",6440d353bc3a1cbc360971db
"Govt. Hospital of Dermatology Chevayur",HOSP11TH003,,,TH,,"KOZHIKODE ",6440d353bc3a1cbc360971dc
"Govt.Mental Health centre ,Kozhikode",HOSP11TH004,,,TH,,"KOZHIKODE ",6440d353bc3a1cbc360971dd
"W&C Kozhikode",HOSP11TH010,4952721998,,TH,"Govt. Hospital for Woman and Children, Kozhikode,","KOZHIKODE ",6440d353bc3a1cbc360971de
"DH VADAKARA",HOSP11DH001,4962524259,dhvatakara@gmail.com,DH,"Superintendent, Govt. District Hospital Vatakara, Vatakara PO, Kozhikode, 673101","KOZHIKODE ",6440d353bc3a1cbc360971df
"GGH KOZHIKODE",HOSP11GH001,,,GGH,,"KOZHIKODE ",6440d353bc3a1cbc360971e0
"CHUNGATHARA CHC",HOSP10CHC001,,,CHC,,MALAPPURAM,6440d365bc3a1cbc360971e1
"EDAPPAL CHC",HOSP10CHC002,,,CHC,,MALAPPURAM,6440d365bc3a1cbc360971e2
"EDAVANNA CHC",HOSP10CHC003,9895187171,mochcedavanna@gmail.com,CHC,"CHEMBAKKUTH EDAVANNA PO EDAVANNA",MALAPPURAM,6440d365bc3a1cbc360971e3
"KALIKAVU CHC",HOSP10CHC004,,,CHC,,MALAPPURAM,6440d365bc3a1cbc360971e4
"KARUVARAKUND CHC",HOSP10CHC005,,,CHC,,MALAPPURAM,6440d365bc3a1cbc360971e5
"KOTTAKKAL CHC",HOSP10CHC006,0483-2744400,phckottakkal@gmail.com,CHC,"Family health centre, Kottakkal ",MALAPPURAM,6440d365bc3a1cbc360971e6
"KUZHIMANNA CHC",HOSP10CHC007,8086808271,mophckuzhimanna@gmail.com,CHC,"KUZHIMANNA P O MALAPPURAM 673641",MALAPPURAM,6440d365bc3a1cbc360971e7
"MANKADA CHC",HOSP10CHC008,,,CHC,,MALAPPURAM,6440d365bc3a1cbc360971e8
"MARANCHERY(O) CHC",HOSP10CHC009,,,CHC,,MALAPPURAM,6440d365bc3a1cbc360971e9
MELATTUR,HOSP10CHC010,,,CHC,,MALAPPURAM,6440d365bc3a1cbc360971ea
"NEDUVA CHC",HOSP10CHC011,04942412709,mobphcneduva@gmail.com,CHC,"COMMUNITY HEALTH CENTRE, NEDUVA, CHETTIPPADI PO, MALAPPURAM-676319",MALAPPURAM,6440d365bc3a1cbc360971eb
"OMANUR CHC",HOSP10CHC012,,,CHC,,MALAPPURAM,6440d365bc3a1cbc360971ec
"URANGATIRI CHC",HOSP10CHC013,04832759888,phcurangattiri@gmail.com,CHC,"CHC Urangattiri ,Vettilapara PO,Pin:673639",MALAPPURAM,6440d365bc3a1cbc360971ed
"PERUVALLUR CHC",HOSP10CHC014,,,CHC,,MALAPPURAM,6440d365bc3a1cbc360971ee
"PURATHUR CHC",HOSP10CHC015,9447698486,mochcpurathur@gmail.com,CHC,"CHC purathur, muttannur po, purathur,tirur 676561",MALAPPURAM,6440d365bc3a1cbc360971ef
"PUZHAKKATTIRI CHC",HOSP10CHC016,9895354374,medicalofficer.puzhakkattiri@gmail.com,CHC,"CHC PUZHAKKATTIRI, PUZHAKKATTIRI PO, PIN- 679321",MALAPPURAM,6440d365bc3a1cbc360971f0
"TANUR CHC",HOSP10CHC017,04942963684,chctanur@gmail.com,CHC,"BEACH ROAD TANUR, MALAPPURAM - 676302",MALAPPURAM,6440d365bc3a1cbc360971f1
"THRIKKANAPURAM CHC",HOSP10CHC018,,,CHC,,MALAPPURAM,6440d365bc3a1cbc360971f2
"VALAVANNUR CHC",HOSP10CHC019,,,CHC,,MALAPPURAM,6440d365bc3a1cbc360971f3
"VENGARA CHC",HOSP10CHC020,9895820435,movengara@gmail.com,CHC,"chc vengara, vengara post, pin code 676304",MALAPPURAM,6440d365bc3a1cbc360971f4
"VETTOM CHC",HOSP10CHC021,,,CHC,,MALAPPURAM,6440d365bc3a1cbc360971f5
"PHC ALANKODE",HOSP10PHC001,,,PHC,,MALAPPURAM,6440d365bc3a1cbc360971f6
"PHC ALIPARAMBA",HOSP10PHC002,,,PHC,,MALAPPURAM,6440d365bc3a1cbc360971f7
"PHC AMARAMBALAM",HOSP10PHC003,,,PHC,,MALAPPURAM,6440d365bc3a1cbc360971f8
"PHC ANAKAYAM",HOSP10PHC004,9447536944,medicalofficerphcanakkayam@gmail.com,PHC,"Medical officer  PHC Anakkayam, Kadambode (PO), Pandikad (Via), Malappuram  ",MALAPPURAM,6440d365bc3a1cbc360971f9
"PHC ANGADIPPURAM",HOSP10PHC005,8907379890,mophcangadippuram@gmail.com,PHC,"VALAMBUR P.O,PIN 679325",MALAPPURAM,6440d365bc3a1cbc360971fa
"PHC AR NAGAR",HOSP10PHC006,9633201602,phcarnagar@gmail.com,PHC,"Kunnumpuram, Kuttoor North P.O, Malappuram Dt - 676305",MALAPPURAM,6440d365bc3a1cbc360971fb
"PHC ATHANIKKAL",HOSP10PHC007,,,PHC,,MALAPPURAM,6440d365bc3a1cbc360971fc
"PHC ATHAVANAD",HOSP10PHC008,0494-2573000,mophcathavanad@gmail.com,PHC,"PHC ATHAVANAD ATHAVANAD  PO MATTUMMAL PIN 676301",MALAPPURAM,6440d365bc3a1cbc360971fd
"PHC CHALIYAR",HOSP10PHC009,,,PHC,,MALAPPURAM,6440d365bc3a1cbc360971fe
"PHC CHATHALLOOR",HOSP10PHC010,9446250324,mophcchathallur@gmail.com,PHC,"CHATHALLUR PO,EDAVANNA VIA,MALAPPURAM,676541",MALAPPURAM,6440d365bc3a1cbc360971ff
"PHC CHEACODE",HOSP10PHC011,9388434484,mophcmuthuvallur@gmail.com,PHC,"PHC MUTHUVALLUR,VILAYIL,MALAPPURAM",MALAPPURAM,6440d365bc3a1cbc36097200
"PHC CHELEMBRA",HOSP10PHC012,,,PHC,,MALAPPURAM,6440d365bc3a1cbc36097201
"PHC CHEMMALASSERY",HOSP10PHC013,+918137901432,mophchemmalassery@yahoo.in,PHC,"CHEMMALASSERY P.O,PULAMANTHOLE,MALAPPURAM,KERALA-679323",MALAPPURAM,6440d365bc3a1cbc36097202
"PHC CHERIYAMUNDAM",HOSP10PHC014,,,PHC,,MALAPPURAM,6440d365bc3a1cbc36097203
"PHC CHERUKAVU",HOSP10PHC015,,,PHC,,MALAPPURAM,6440d365bc3a1cbc36097204
"PHC CHOKKAD",HOSP10PHC016,07593025203,fhcchokkad@gmail.com,PHC,"FAMILY HEALTH CENTRE CHOKKAD
family health centre chokkad , t k colony p o",MALAPPURAM,6440d365bc3a1cbc36097205
"PHC EDAKKARA",HOSP10PHC017,,,PHC,,MALAPPURAM,6440d365bc3a1cbc36097206
"PHC EDAPATTA",HOSP10PHC018,,,PHC,,MALAPPURAM,6440d365bc3a1cbc36097207
"PHC EDARIKKODE(NEW)",HOSP10PHC019,,,PHC,,MALAPPURAM,6440d365bc3a1cbc36097208
"PHC EDAYUR",HOSP10PHC020,9495137103,mophcedayoor@gmail.com,PHC,,MALAPPURAM,6440d365bc3a1cbc36097209
"PHC ELAMKULAM",HOSP10PHC021,,,PHC,,MALAPPURAM,6440d365bc3a1cbc3609720a
"PHC EZHUVATHIRUTHY",HOSP10PHC022,,,PHC,,MALAPPURAM,6440d365bc3a1cbc3609720b
"PHC IRIMBILIYAM",HOSP10PHC023,"7012717121 (N/O)",moirimbliyamphc@gmail.com,PHC,"MEDICAL OFFICER PHC IRIMBILIYAM,VALIYAKUNNU POST,MALAPPURAM 676552",MALAPPURAM,6440d365bc3a1cbc3609720c
"PHC IRINGALLUR",HOSP10PHC024,04942459309,iringalloorphc@gmail.com,PHC,"Palani,Iringallur P.O,Malappuram-676304",MALAPPURAM,6440d365bc3a1cbc3609720d
"PHC KADALUNDI NAGARAM",HOSP10PHC025,,,PHC,,MALAPPURAM,6440d365bc3a1cbc3609720e
"PHC KALADI",HOSP10PHC026,,,PHC,,MALAPPURAM,6440d365bc3a1cbc3609720f
"PHC KALPAKANCHERY",HOSP10PHC027,,,PHC,,MALAPPURAM,6440d365bc3a1cbc36097210
"PHC KANNAMANGALAM",HOSP10PHC028,,,PHC,,MALAPPURAM,6440d365bc3a1cbc36097211
"PHC KARULAI",HOSP10PHC029,04931-271160,mochckarulai@gmail.com,PHC,"MEDICAL OFFICER,KARULAI (PO)679330",MALAPPURAM,6440d365bc3a1cbc36097212
"PHC KAVANUR",HOSP10PHC030,04832959021,phckavanur@gmail.com,PHC,"Kavanur PO, Malappuram-673639",MALAPPURAM,6440d365bc3a1cbc36097213
"PHC KEEZHATTUR",HOSP10PHC031,,,PHC,,MALAPPURAM,6440d365bc3a1cbc36097214
"PHC KEEZHUPARAMBA",HOSP10PHC032,9447553838,mophckeezhuparamba@gmail.com,PHC,"Keezhuparamba PO pin 673639",MALAPPURAM,6440d365bc3a1cbc36097215
"PHC KODUR",HOSP10PHC033,,,PHC,,MALAPPURAM,6440d365bc3a1cbc36097216
"PHC KOOTTAYI",HOSP10PHC034,9562860000,phcfishkty@gmail.com,PHC,"Gfd koottayi kothaparamb koottayi",MALAPPURAM,6440d365bc3a1cbc36097217
"PHC KOOTTILANGADI",HOSP10PHC035,9895402290,koottilangadiphc@gmail.com,PHC,"post -padinhattumuri.malappuram -DIST.PIN 676506",MALAPPURAM,6440d365bc3a1cbc36097218
"PHC KURUMBALANGODE",HOSP10PHC036,8078173791,mophckurumbalangode@gmail.com,PHC,"KURUMBALANGODE PO,CHUNGATHARA-679334",MALAPPURAM,6440d365bc3a1cbc36097219
"PHC MAKKARAPARAMBA",HOSP10PHC037,"   04933 287311,           9446250185",makkaraparambaphc@gmail.com,PHC,"MAKKARAPARAMBA.P.O  ,KACHNIKKAD  , PIN -676507",MALAPPURAM,6440d365bc3a1cbc3609721a
"PHC MAMPAD",HOSP10PHC038,,,PHC,,MALAPPURAM,6440d365bc3a1cbc3609721b
"PHC MARAKKARA",HOSP10PHC039,9562801700,mophcmarakkara@gmail.com,PHC,"Fhc marakkara, marakkara Panchayat",MALAPPURAM,6440d365bc3a1cbc3609721c
"PHC MARANCHERY NEW",HOSP10PHC040,,,PHC,,MALAPPURAM,6440d365bc3a1cbc3609721d
"PHC MOONNIYOOR",HOSP10PHC041,,,PHC,,MALAPPURAM,6440d365bc3a1cbc3609721e
"PHC MOORKKANAD",HOSP10PHC042,04933202200,phcmoorkkanad@gmail.com,PHC,"ALINKUTTAM, KOLATHUR P O",MALAPPURAM,6440d365bc3a1cbc3609721f
"PHC MOOTHEDAM",HOSP10PHC043,,,PHC,,MALAPPURAM,6440d365bc3a1cbc36097220
"PHC MORAYUR",HOSP10PHC044,,,PHC,,MALAPPURAM,6440d365bc3a1cbc36097221
"PHC NANNAMBRA",HOSP10PHC045,,,PHC,,MALAPPURAM,6440d365bc3a1cbc36097222
"PHC NANNAMUKKU",HOSP10PHC046,,,PHC,,MALAPPURAM,6440d365bc3a1cbc36097223
"PHC NEDIYIRUPU",HOSP10PHC047,9846991728,mophcnediyiruppu@gmail.com,PHC,Chirayil(PO),MALAPPURAM,6440d365bc3a1cbc36097224
"PHC ODAKKAYAM",HOSP10PHC048,04832844500,mophcodakkayam@gmail.com,PHC,"PO POOVATHIKKAL, PIN 673639,MALAPPUARAM",MALAPPURAM,6440d365bc3a1cbc36097225
"PHC OORAKAM",HOSP10PHC049,,,PHC,,MALAPPURAM,6440d365bc3a1cbc36097226
"PHC OTHUKKUNGAL",HOSP10PHC050,,,PHC,,MALAPPURAM,6440d365bc3a1cbc36097227
"PHC OZHOOR",HOSP10PHC051,9895555617,mophcozhur@gmail.com,PHC,"Medical Officer, FHC  Ozhur,  Omachapuzha,(PO),  Malappuram  PIN 676320",MALAPPURAM,6440d365bc3a1cbc36097228
"PHC PALAPPETTY",HOSP10PHC052,,,PHC,,MALAPPURAM,6440d365bc3a1cbc36097229
"PHC PALLIKKAL",HOSP10PHC053,9447329015,mophcpallikkal@gmail.com,PHC,"PUTHOOR PALLIKKAL(PO) MALAPPURAM( DT)",MALAPPURAM,6440d365bc3a1cbc3609722a
"PHC PANDIKKAD",HOSP10PHC054,,,PHC,,MALAPPURAM,6440d365bc3a1cbc3609722b
"PHC PANG",HOSP10PHC055,,,PHC,,MALAPPURAM,6440d365bc3a1cbc3609722c
"PHC PARAPPANAGADI",HOSP10PHC056,9567205556,phcpgdi@gmail.com,PHC,"PHC PARAPPANANGADI,PARAPPANANGADI(PO),PUTHARIKKAL",MALAPPURAM,6440d365bc3a1cbc3609722d
"PHC PERUMANNA",HOSP10PHC057,,,PHC,,MALAPPURAM,6440d365bc3a1cbc3609722e
"PHC PERUMPADAPPU",HOSP10PHC058,,,PHC,,MALAPPURAM,6440d365bc3a1cbc3609722f
"PHC PONMALA",HOSP10PHC059,9633964677,mophcponmala@gmail.com,PHC,"PHC PONMALA ,CHAPPANANGADI POST, CHAPPANANAGADI",MALAPPURAM,6440d365bc3a1cbc36097230
"PHC PONMUNDAM",HOSP10PHC060,,,PHC,,MALAPPURAM,6440d365bc3a1cbc36097231
"PHC POOKKOTTUR",HOSP10PHC061,,,PHC,,MALAPPURAM,6440d365bc3a1cbc36097232
"PHC PORUR",HOSP10PHC062,,,PHC,,MALAPPURAM,6440d365bc3a1cbc36097233
"PHC POTHUKAL",HOSP10PHC063,04931240318,mophcpothukal@gmail.com,PHC,"BHOODANAM. P.O, POTHUKAL",MALAPPURAM,6440d365bc3a1cbc36097234
"PHC PULIKKAL",HOSP10PHC064,,,PHC,,MALAPPURAM,6440d365bc3a1cbc36097235
"PHC THALAKKAD",HOSP10PHC065,,,PHC,,MALAPPURAM,6440d365bc3a1cbc36097236
"PHC THANALUR",HOSP10PHC066,8111937344,phctnlr@gmail.com,PHC,"CHUNGAM ,TANALUR( PO)  ,TANALUR ,  MALAPPURAM ( DIST) PIN 676307",MALAPPURAM,6440d365bc3a1cbc36097237
"PHC THAZHEKODE",HOSP10PHC067,,,PHC,,MALAPPURAM,6440d365bc3a1cbc36097238
"PHC THENJIPALAM",HOSP10PHC068,,,PHC,,MALAPPURAM,6440d365bc3a1cbc36097239
"PHC THENNALA",HOSP10PHC069,,,PHC,,MALAPPURAM,6440d365bc3a1cbc3609723a
"PHC THEVARKADAPPURAM",HOSP10PHC070,8086251883,fhcthevarkadappuram@gmail.com,PHC,"P.o niramaruthur, ",MALAPPURAM,6440d365bc3a1cbc3609723b
"PHC THIRUNAVAYA",HOSP10PHC071,04942600109,medicalofficerthirunnavaya@gmail.com,PHC,"Medical officer, FHC Thirunavaya, Ananthavur post, Malappuram",MALAPPURAM,6440d365bc3a1cbc3609723c
"PHC THIRUVALI",HOSP10PHC072,,,PHC,,MALAPPURAM,6440d365bc3a1cbc3609723d
"PHC THRIKKALANGODE",HOSP10PHC073,,,PHC,,MALAPPURAM,6440d365bc3a1cbc3609723e
"PHC THUVVUR",HOSP10PHC074,9946916350,phctuvvur@gmail.com,PHC,"PRIMARY HEALTH CENTRE TUVVUR",MALAPPURAM,6440d365bc3a1cbc3609723f
"PHC TRIPPANACHI",HOSP10PHC075,,,PHC,,MALAPPURAM,6440d365bc3a1cbc36097240
"PHC TRIPRANGODE",HOSP10PHC076,,,PHC,,MALAPPURAM,6440d365bc3a1cbc36097241
"PHC URNGATTIRI",HOSP10PHC077,,,PHC,,MALAPPURAM,6440d365bc3a1cbc36097242
"PHC VALANCHERY",HOSP10PHC078,9847823904,mophcvalanchery@gmail.com,PHC,"Vaikathoor, Valanchery (PO) Malappuram(Dt)676552",MALAPPURAM,6440d365bc3a1cbc36097243
"PHC VATTAMKULAM",HOSP10PHC079,"0494 2689820",mophcvattamkulam@gmail.com,PHC,"P H C VATTAMKULAM, VATTAMKULAM PO , MALAPPURAM ,PIN 679578",MALAPPURAM,6440d365bc3a1cbc36097244
"PHC VAZHAKKAD",HOSP10PHC080,9847495311,fhcvazhakkad@gmail.com,PHC,"VAZHAKKAD PO, MALAPPURAM DIST, 673640",MALAPPURAM,6440d365bc3a1cbc36097245
"PHC VAZHAYOOR",HOSP10PHC081,9496135286,phcvazhayoor@gmail.com,PHC,"EAST VAZHAYOOR P.O, MALAPPURAM DISTRICT PIN- 673633",MALAPPURAM,6440d365bc3a1cbc36097246
"PHC VAZHIKKADAVU",HOSP10PHC082,,,PHC,,MALAPPURAM,6440d365bc3a1cbc36097247
"PHC VELIYANCODE",HOSP10PHC083,,,PHC,,MALAPPURAM,6440d365bc3a1cbc36097248
"PHC VETTATHUR",HOSP10PHC084,,,PHC,,MALAPPURAM,6440d365bc3a1cbc36097249
"THQH TIRURANAGADI",HOSP10TH007,04942460372,thqhtirurangadi@gmail.com,THQH,"Chemmad, Tirurangadi post, Tirurangadi, Malappuram-676306",MALAPPURAM,6440d365bc3a1cbc3609724a
"TH AREACODE",HOSP10TH002,9447843804,thareekode@gmail.com,TH,"SUPERINTENDENT, TALUK HOSPITAL AREEKODE",MALAPPURAM,6440d365bc3a1cbc3609724b
"TH WANDOOR",HOSP10TH004,8547205787,chcwandoor@gmail.com,TH,"Hospital Management Committee, Taluk Hospital, Wandoor., Wandoor.P.O., Malappuram., Kerala.",MALAPPURAM,6440d365bc3a1cbc3609724c
"THQH KONDOTTY",HOSP10TH001,9496441881,mochckondotty@gmail.com,THQH,"Block Road, Kondotty ",MALAPPURAM,6440d365bc3a1cbc3609724d
"TH KUTTIPPURAM",HOSP10TH003,9447143998,mophckuttippuram@gmail.com,TH,KUTTIPPURAM,MALAPPURAM,6440d365bc3a1cbc3609724e
"THQH MALAPPURAM",HOSP10TH005,,,THQH,,MALAPPURAM,6440d365bc3a1cbc3609724f
"THQH PONNANI",HOSP10TH006,,,THQH,,MALAPPURAM,6440d365bc3a1cbc36097250
"W&C Ponnani",HOSP10TH008,,,TH,,MALAPPURAM,6440d365bc3a1cbc36097251
"DH PERINTHALMANNA",HOSP10DH002,9495999304,thqhperinthalmanna@gmail.com,DH,"Superintendent, district Hospital Perinthalmanna, 679322",MALAPPURAM,6440d365bc3a1cbc36097252
"DH NILAMBUR",HOSP10DH001,9447412244,mothqhnilambur@gmail.com,DH,"Nilambur ",MALAPPURAM,6440d365bc3a1cbc36097253
"DH TIRUR",HOSP10DH003,9447096666,ghtirur@gmail.com,DH,"District Hospital Tirur , Malappuram, Pin 676101",MALAPPURAM,6440d365bc3a1cbc36097254
"MCH Manjeri",HOSP10MCH001,9745648196,rsbymanjeri@gmail.com,MCH,"Government Medical College Hospital Manjeri",MALAPPURAM,6440d365bc3a1cbc36097255
"GH Manjeri",HOSP10GH001,,,GH,,MALAPPURAM,6440d365bc3a1cbc36097256
"CHC Agali",HOSP09CHC001,9446720017,chcagali@gmail.com,CHC,"Community Health Centre, Agali P.O ",PALAKKAD,6440d365bc3a1cbc36097257
"CHC Alanallur",HOSP09CHC002,9447342741,phcalanallur@gmail.com,CHC,"PHC alanallur, alanallur po",PALAKKAD,6440d365bc3a1cbc36097258
"CHC Ambalappara",HOSP09CHC003,8921520166,chcambalappara@gmail.com,CHC,"Community Health Centre  , 
Cherumundasseri  PO
  Ambalappara  
",PALAKKAD,6440d365bc3a1cbc36097259
"FHC Chalavara",HOSP09CHC004,9747681980,bphcchalavara@gmail.com,CHC,"FHC Chalavara, Mundakottukurissi (PO), Shoranur, Palakkad (Dt), 679122",PALAKKAD,6440d365bc3a1cbc3609725a
"CHC Chalissery",HOSP09CHC005,9447309994,phcchalissery@gmail.com,CHC,"Community Health Centre Chalissery, Chalissery (PO), Palakkad ,679536",PALAKKAD,6440d365bc3a1cbc3609725b
"CHC Cherplassery",HOSP09CHC006,9495667636,chccherpulassery@gmail.com,CHC,"Medical Officer, CHC Cherpulassery , Cherpulassery (Po), 679503",PALAKKAD,6440d365bc3a1cbc3609725c
"CHC Katampazhipuram",HOSP09CHC007,9656777354,chcktpm@gmail.com,CHC,"CHC Katampazhipuram, Katampazhipuram (PO), 678633 (PIN)",PALAKKAD,6440d365bc3a1cbc3609725d
"CHC Koduvayur",HOSP09CHC008,9447174612,chckoduvayur@gmail.com,CHC,"COMMUNITY HEALTH CENTRE KODUVAYUR, KODUVAYUR PO, PALAKKAD 678501",PALAKKAD,6440d365bc3a1cbc3609725e
"CHC Kongad",HOSP09CHC009,9447381567,mophckongad@yahoo.com,CHC,"chc kongad,kongad po,palakkad - 678631",PALAKKAD,6440d365bc3a1cbc3609725f
"CHC Koppam",HOSP09CHC010,9495093157,chckoppam@gmail.com,CHC,"Community Health Centre, Koppam . P.O.Pullassery , Palakkad (Dist) 679307,",PALAKKAD,6440d365bc3a1cbc36097260
"CHC Kozhinjapara",HOSP09CHC011,9846777446,ghkozhinjampara@gmail.com,CHC,"Community Health Centr Kozhinjampara, Kozhinjampara 678555",PALAKKAD,6440d365bc3a1cbc36097261
"CHC Kuzhalamannam",HOSP09CHC012,9048195200,Superintendentchckuzhalmannam@gmail.com,CHC,"Community Health Centre,Hospital junction,kuzhalmannam,palakkad ,kerala - 678702",PALAKKAD,6440d365bc3a1cbc36097262
"CHC Nanniyode",HOSP09CHC013,9447430934,"phcnanniode@yahoo.com, chcnanniode@gmail.com",CHC,"Community Health Centre Nanniode, Nanniode PO , Palakkad 678534",PALAKKAD,6440d365bc3a1cbc36097263
"CHC Nenmara",HOSP09CHC014,9447369322,chcnenmara@gmail.com,CHC,"Community Health Centre Nenmara Palakkad",PALAKKAD,6440d365bc3a1cbc36097264
"CHC Parali",HOSP09CHC015,"0491 2858400","phcparali@gmail.com ",CHC,"CHC Parali, Parali.P.O , Palakkad 678612",PALAKKAD,6440d365bc3a1cbc36097265
"CHC Pazhambalakkode",HOSP09CHC016,9947280074,bphcpazhamb@gmail.com,CHC,"MEDICAL OFFICER,CHC PAZHAMBALACODE,TARUR(PO),678544",PALAKKAD,6440d365bc3a1cbc36097266
"CHC Shornur",HOSP09CHC017,9446532456,,CHC,"CHC Shoranur, Shoranur 1, Palakkad",PALAKKAD,6440d365bc3a1cbc36097267
"CHC Thrithala",HOSP09CHC018,7306016307,phctrithala@gmail.com,CHC,"PRIMARY HEALTH CENTRE,TRITHALA",PALAKKAD,6440d365bc3a1cbc36097268
"CHC Vadakkenchery",HOSP09CHC019,9446948183,chcvadakkencherry@gmail.com,CHC,"Community health Centre Vadakkencherry",PALAKKAD,6440d365bc3a1cbc36097269
ADAKKAPUTHUR,HOSP09PHC001,9747580010,fhcadakkaputhur@gmail.com,PHC,"Medical Officer, FHC Adakkaputhur, Pothi (PO), 679503 (PIN)",PALAKKAD,6440d365bc3a1cbc3609726a
AKATHETHARA,HOSP09PHC002,8289908306,mophcakathethara@yahoo.co.in,PHC,"phc akathethara.NSS engineering colege.PO,palakkad",PALAKKAD,6440d365bc3a1cbc3609726b
ANAKKATTY,HOSP09PHC003,8606938239,phcanakkatty@gmail.com,PHC,"FHC Anakkatty, Mattathukad P.O, Attappady Palakkad Dist. 678581",PALAKKAD,6440d365bc3a1cbc3609726c
ANANGANADI,HOSP09PHC004,9544825116,phcananganadi@gmail.com,PHC,"PHC Ananganadi, Pathamkulam PO, Vaniyamkulam Via, Palakkad - 679522",PALAKKAD,6440d365bc3a1cbc3609726d
AYALUR,HOSP09PHC005,"83048 49463",phcayalur@gmail.com,PHC,"Medical Officer
Family health centre
, thiruvazhiyad post,Ayilur",PALAKKAD,6440d365bc3a1cbc3609726e
ELAMBULASSERY,HOSP09PHC006,7012357286,phcelambulassery@gmail.com,PHC,"Medical Officer, FHC Elambulassery , Karimpuzha Panchayath, Palakkad (DT)",PALAKKAD,6440d365bc3a1cbc3609726f
ELAVANCHERY,HOSP09PHC007,8848317673,"phcelevanchery@gmail.com ",PHC,"Primary health centre elevenchery, elevenchery po, palakkad",PALAKKAD,6440d365bc3a1cbc36097270
KALLADIKODE,HOSP09PHC008,9539201879,mophcklkd@gmail.com,PHC,"PHC Kalladikode,kalldikode(po)",PALAKKAD,6440d365bc3a1cbc36097271
KANHIRAPUZHA,HOSP09PHC009,,mokpuzha@gmail.com,PHC,"PHC KANJIRAPUZHA",PALAKKAD,6440d365bc3a1cbc36097272
KANNADI,HOSP09PHC010,9809204336,phckannadi@gmail.com,PHC,"PRIMERY HEALTH CENTRE KANNADI PALAKKAD,678701",PALAKKAD,6440d365bc3a1cbc36097273
KANNAMBRA,HOSP09PHC011,,,PHC,,PALAKKAD,6440d365bc3a1cbc36097274
KAPOOR,HOSP09PHC012,9446330323,kappurphc@gmail.com,PHC,"Family Health Centre Kappur, Kappur (PO), 679552",PALAKKAD,6440d365bc3a1cbc36097275
KARAKURUSSI,HOSP09PHC013,,phckarakurissi@gmail.com,PHC,"HMC, fhc karakurussi, karakurussi ",PALAKKAD,6440d365bc3a1cbc36097276
KAVASSERY,HOSP09PHC014,8547224873,phckavassery@gmail.com,PHC,"FAMILY HEALTH CENTRE, KAVASSERY,PADUR POST-678543,PALAKKAD",PALAKKAD,6440d365bc3a1cbc36097277
KERALASSERY,HOSP09PHC015,9744460011,phckeralaserrypkd@gmail.com,PHC,"PHC Keralassery, Keralassery PO, Palakkad, 678641",PALAKKAD,6440d365bc3a1cbc36097278
KIZHAKKENCHERRY,HOSP09PHC016,9495556626,phckizhakkencherry@gmail.com,PHC,"FAMILY HEALTH CENTRE KIZHAKKENCHERRY, KIZHAKKENCHERRY",PALAKKAD,6440d365bc3a1cbc36097279
KODUMBU,HOSP09PHC017,9349834612,"phckodumbu@gmail.com ",PHC,"Primary health centre kodumbu,kodumbu po, palakkad",PALAKKAD,6440d365bc3a1cbc3609727a
KOLLENGODE,HOSP09PHC018,9447361772,"mophckollengod@gmail.com ",PHC,"family health centre kollengode, kollengode po, palakkad",PALAKKAD,6440d365bc3a1cbc3609727b
KOTTAPPURAM,HOSP09PHC019,9847416241,mophckottappuram@gmail.com,PHC,"Medical Officer, PHC Kottappuram, Kottappuram (PO), Palakkad (DT)",PALAKKAD,6440d365bc3a1cbc3609727c
"KOTTAYI PALAKKAD",HOSP09PHC020,7012274578,mophckottayi@gmail.com,PHC,"PRIMERY HEALTH CENTRE, KOTTAYI PALAKKAD 678572",PALAKKAD,6440d365bc3a1cbc3609727d
KOTTOPPADAM,HOSP09PHC021,57054684097,FHCKOTTOPADAM@GMAIL.COM,PHC,"HDC&PHC KOTTOPADAM",PALAKKAD,6440d365bc3a1cbc3609727e
KULUKKALLUR,HOSP09PHC022,9946028595,mophckulukkallur@gmail.com,PHC,"Primary Health Centre, Kulukkallur, Thathanampully (Po) 679337",PALAKKAD,6440d365bc3a1cbc3609727f
KUMARAMPUTHUR,HOSP09PHC023,,phckumaramputhur@gmail.com,PHC,"MO HDC KUMARAMPUTHUR",PALAKKAD,6440d365bc3a1cbc36097280
KUMARANELLUR,HOSP09PHC024,9746794848,phckumaranallur@gmail.com,PHC,"FHC Kumaranellur, Kappur , Palakkad, 679552",PALAKKAD,6440d365bc3a1cbc36097281
KUMBIDI,HOSP09PHC025,9447684164,phckumbid@gmail.com,PHC,"FHC Kumbidi, Kumbidi (PO),  Palakkad",PALAKKAD,6440d365bc3a1cbc36097282
KUNISSERY,HOSP09PHC026,8330012347,phckunissery@gmail.com,PHC,"FAMILY HEALTH CENTRE KUNISERRY,KUNISERRY(PO),PKD,PIN-678681",PALAKKAD,6440d365bc3a1cbc36097283
KUTHANUR,HOSP09PHC027,9497628500,mophckuthannur@gmail.com,PHC,"MEDICAL OFFICER FAMILY HEALTH CENTRE KUTHANNUR PALAKKAD",PALAKKAD,6440d365bc3a1cbc36097284
LAKKIDI,HOSP09PHC028,9447689358,phclakkidi@gmail.com,PHC,"Primary Health Centre, Lakkidi, Mangalam Post-679301 Palakkad",PALAKKAD,6440d365bc3a1cbc36097285
MALAMPUZHA,HOSP09PHC029,9605991782,mophcmalampuzha@yahoo.in,PHC,"phc malampuzha,malampuzha(po)",PALAKKAD,6440d365bc3a1cbc36097286
MANKARA,HOSP09PHC030,9947096132,fhcmankara2019@gmail.com,PHC,"FHC Mankara, Velaroad , Mankara P.O, Palakkad",PALAKKAD,6440d365bc3a1cbc36097287
MANNUR,HOSP09PHC031,9995228666,phcmannurpkd@gmail.com,PHC,"phc mannur,mannur (po)palakkad",PALAKKAD,6440d365bc3a1cbc36097288
MARUTHARODE,HOSP09PHC032,9446532674,mophcmarutharoad@yahoo.in,PHC,"phc marutharode,kallepully (po) palakkad",PALAKKAD,6440d365bc3a1cbc36097289
MATHUR,HOSP09PHC033,7025165545,mophcmathur@gmail.com,PHC,"MEDICAL OFFICER FAMILY HEALTH CENTRE MATHUR,CHUNGAMANNAM PALAKKAD",PALAKKAD,6440d365bc3a1cbc3609728a
MELAMURI,HOSP09PHC034,4912541880,phcmelamuri@gmail.com,PHC,"PHC Melamuri, Vadakkanthara (po),678012",PALAKKAD,6440d365bc3a1cbc3609728b
MELARCODE,HOSP09PHC035,,,PHC,,PALAKKAD,6440d365bc3a1cbc3609728c
MUNDUR,HOSP09PHC036,8075439343,mophcmundur@yahoo.in,PHC,"Phc mundur,mundur PO,palakkad-678592",PALAKKAD,6440d365bc3a1cbc3609728d
MUTHALAMADA,HOSP09PHC037,9037946669,"fhcmmda2022@gmail.com ",PHC,"Family health centre muthalamada, Muthalamada po, palakkad",PALAKKAD,6440d365bc3a1cbc3609728e
MUTHUTHALA,HOSP09PHC038,,,PHC,,PALAKKAD,6440d365bc3a1cbc3609728f
NAGALASSERY,HOSP09PHC039,9895610225,phcnagalassery@gmail.com,PHC,"Primary Health Centre, Nagalassery, Peringode (PO),679536",PALAKKAD,6440d365bc3a1cbc36097290
NALLEPPILLY,HOSP09PHC040,9361662012,mophcnpy@gmail.com,PHC,"Primary Health Centre Nallepilly, Nallepilly 678553",PALAKKAD,6440d365bc3a1cbc36097291
NELLAYA,HOSP09PHC041,9791772055,"phcnellaya@gmail.com ",PHC,"FHC Nellya, Marayamangalam PO, Palakkad",PALAKKAD,6440d365bc3a1cbc36097292
NELLIYAMPATHY,HOSP09PHC042,9446825529,nelliyampathyphc@gmail.com,PHC,"MEDICAL OFFICER ,PRIMARY HELTH CENTRE KAIKATTY,NELLIYAMPATHY",PALAKKAD,6440d365bc3a1cbc36097293
ONGALLUR,HOSP09PHC043,9446083892,phcongallur@gmail.com,PHC,"Family Health Centre Ongallur, P.O.kaladipatta,  679313",PALAKKAD,6440d365bc3a1cbc36097294
OZHALAPATHY,HOSP09PHC044,9442018124,ozhalapathyphc@gmail.com,PHC,"Primary health centre ozhalapathy, palakkad 678556",PALAKKAD,6440d365bc3a1cbc36097295
PALLASSANA,HOSP09PHC045,9567835777,pallassanaphc@gmail.com,PHC,"family health centre pallassana, pallassana po, palakkad",PALAKKAD,6440d365bc3a1cbc36097296
Pallipuram,HOSP09PHC046,9496363481,phcpallippuram@gmail.com,PHC,"Primary Health Centre Pallipuram, P.O.parudur, PIN-679305,",PALAKKAD,6440d365bc3a1cbc36097297
PARAMBIKULAM,HOSP09PHC047,8606203368,"phcparambikulam@gmail.com ",PHC,"primary health centre parambikulam, parambikulam, muthalamada po, palakkad",PALAKKAD,6440d365bc3a1cbc36097298
PATTITHARA,HOSP09PHC048,9895017551,phcpattithara@gmail.com,PHC,"FHC Pattithara,Kottappadam (PO), Palakkad 679534",PALAKKAD,6440d365bc3a1cbc36097299
PERINGOTTUKURISSI,HOSP09PHC049,9645774276,mophcperingottukurssi@gmail.com,PHC,"Primary health centre,peringottukurissi,palakkad",PALAKKAD,6440d365bc3a1cbc3609729a
PERUMATTI,HOSP09PHC050,9447365464,phcperumatty12@gmail.com,PHC,"Primary Health Centre Perumatty, Nellimedu",PALAKKAD,6440d365bc3a1cbc3609729b
"PERUR (KELAPAJI MEMMORIAL)",HOSP09PHC051,9447534359,kelappanphcperur@gmail.com,PHC,"MEDICAL OFFICER , FHC PERUR , PATHIRIPALA , OTTAPALAM ",PALAKKAD,6440d365bc3a1cbc3609729c
PERUVEMBA,HOSP09PHC052,9847675085,fhcperuvemba@gmail.com,PHC,"MEDICAL OFFICER ,FAMILY HEALTH CENTRE, PERUVEMBA, PALAKKAD",PALAKKAD,6440d365bc3a1cbc3609729d
PIRAYIRI,HOSP09PHC053,9846062887,phcpirayiri@gmail.com,PHC,"PHC PIRAYIRI, Kodunthirapully, Palakkad",PALAKKAD,6440d365bc3a1cbc3609729e
POLPULLY,HOSP09PHC054,9995468971,"phcpolpully@gmail.com ",PHC,"Primary health centre polpuly, polpully po, palakkad",PALAKKAD,6440d365bc3a1cbc3609729f
POOKATUKAVU,HOSP09PHC055,9846022578,phcpkv@gmail.com,PHC,"Medical Officer, FHC Pookkottukavu, Pookkottukavu (PO) 679515",PALAKKAD,6440d365bc3a1cbc360972a0
"PUDHUR ",HOSP09PHC056,9544970588,phcpudur@gmail.com,PHC,"FHC Pudur, Pudur P.O, Attappady, Palakkad DIST., Pin - 678581",PALAKKAD,6440d365bc3a1cbc360972a1
PUDHUSSERY,HOSP09PHC057,9048624072,mophcputhussery@gmail.com,PHC,"FAMILY HEALTH CENTRE, KANJIKODE, PALAKKAD ",PALAKKAD,6440d365bc3a1cbc360972a2
PUDUPPARIYARAM,HOSP09PHC058,9447724313,mophcklkd@gmail.com,PHC,"FHC puduppariyaram,pudupariyaram(PO)",PALAKKAD,6440d365bc3a1cbc360972a3
PUTHUCODE,HOSP09PHC059,9562400406,fhcputhucode@gmail.com,PHC,"MEDICAL OFFICER,FHCPUTHUCODE,THACHANADY,PUTHUCODE,678687",PALAKKAD,6440d365bc3a1cbc360972a4
PUTHUNAGARAM,HOSP09PHC060,9495135142,"pudunagaramphc@gmail.com ",PHC,"Primary health centre puthunagaram , puthunagaram po, palakkad",PALAKKAD,6440d365bc3a1cbc360972a5
SHOLAYUR,HOSP09PHC061,9744960897,fhcsholayoor@gmail.com,PHC,"FHC Sholayur, Sholayur P.O, Attappady Palakkad Dist. Pin - 678581",PALAKKAD,6440d365bc3a1cbc360972a6
SREEKRISHNAPURAM,HOSP09PHC062,9727225432,phcskp@gmail.com,PHC,"Medical Officer, FHC Sreekrishnapuram, Hospital Junction, Palakkad (DT)",PALAKKAD,6440d365bc3a1cbc360972a7
THACHAMPARA,HOSP09PHC063,,,PHC,,PALAKKAD,6440d365bc3a1cbc360972a8
THACHANATTUKARA,HOSP09PHC064,,mophcthkra@gmail.com,PHC,HDC,PALAKKAD,6440d365bc3a1cbc360972a9
THENKARA,HOSP09PHC065,,,PHC,"PHC THENKARA,THENKARA,MANNARKKAD",PALAKKAD,6440d365bc3a1cbc360972aa
THENKURISSI,HOSP09PHC066,9061389191,mophcthenkurissi@gmail.com,PHC,"primary health centre, thenkurissi, palakkad",PALAKKAD,6440d365bc3a1cbc360972ab
THIRUMITTACODE,HOSP09PHC067,9947247894,phcthirumittacode@gmail.com,PHC,"Primary Health Centre Thirumittacode, Thirumittacode (PO), ",PALAKKAD,6440d365bc3a1cbc360972ac
THIRUVEGAPURA,HOSP09PHC068,,,PHC,,PALAKKAD,6440d365bc3a1cbc360972ad
THRIKKADERI,HOSP09PHC069,9895569598,"mothrikkadeeri@gmail.com ",PHC,"MEDICAL OFFICER, FHC THRIKKADERRI, THRIKKADEERI (PO), 679502",PALAKKAD,6440d365bc3a1cbc360972ae
VADAVANUR,HOSP09PHC070,8891899361,"fhcvadavannur@gmail.com ",PHC,"Family health centre vadavanur, vadavannur po, palakkad",PALAKKAD,6440d365bc3a1cbc360972af
VALLAPUZHA,HOSP09PHC071,974703246,"phcvallapuzha@gmail.com ",PHC,"PHC VALLAPUZHA
CHERUCODE P O
PALAKKAD DISTRICT
PIN:679336",PALAKKAD,6440d365bc3a1cbc360972b0
VANDAZHI,HOSP09PHC072,9895418082,phcvandazhy@gmail.com,PHC,"MEDICAL OFFICER FAMILY HEALTH CENTRE VANDAZHY",PALAKKAD,6440d365bc3a1cbc360972b1
VANIYAMKULAM,HOSP09PHC073,9656967627,phcvkm@gmail.com,PHC,"MEDICAL OFFICER , PHC VANIYAMKULAM , VANIYAMKULAM , OTTAPALAM",PALAKKAD,6440d365bc3a1cbc360972b2
VANNAMADA,HOSP09PHC074,9447963877,phcvannamada@gmail.com,PHC,"PRIMARY HEALTH CENTRE VANNAMADA, VANNAMADA 678555",PALAKKAD,6440d365bc3a1cbc360972b3
VELLINEZHI,HOSP09PHC075,9447160853,fhcvellinezhi@gmail.com,PHC,"PRIMARY HEALTH CENTRE VELLINEZHI OPP BY MEDICAL OFFICER AND PANCHYAT",PALAKKAD,6440d365bc3a1cbc360972b4
VILAYUR,HOSP09PHC076,9447834660,vilayurphc@gmail.com,PHC,"Primary Health Centre Vilayur, vilyur west -679309",PALAKKAD,6440d365bc3a1cbc360972b5
"GTSH Kottathara",HOSP09TH001,4924254102,gtshkatpy@gmail.com,GTSH,"Government tribal  speciality hospital palakkad, 678581",PALAKKAD,6440d365bc3a1cbc360972b6
"TH ELAPPULLY",HOSP09TH004,9447938921,chcelapully@gmail.com,TH,"taluk hospital elapully, elapully po, palakkad",PALAKKAD,6440d365bc3a1cbc360972b7
"THQH ALATHUR",HOSP09TH002,492224322,chcalathur@gmail.com,THQH,"Taluk Head Quarters Hospital alathur ",PALAKKAD,6440d365bc3a1cbc360972b8
"THQH CHITTUR",HOSP09TH003,"04923-222385             9946234467","ghchittur@gmail.com                    prothqhchittur@gmail.com",THQH,"Taluk Head Quarters Hospital Chittur Palakkad -678101",PALAKKAD,6440d365bc3a1cbc360972b9
"THQH MANNARKAD",HOSP09TH005,"04924224549, 04924296380, 8943310052,","prothqhmnrkd@gmail.com, thqhmannarkkad@gmail.com",THQH,"Taluk Head Quarters Hospital, Mannarkkad, Palakkad, Kerala,  Pin 678582",PALAKKAD,6440d365bc3a1cbc360972ba
"THQH OTTAPALAM",HOSP09TH006,4662344053,thqhottapalam@gmail.com,THQH,"Taluk Head Quarters Hospital Ottapalam, Palakkad 679102",PALAKKAD,6440d365bc3a1cbc360972bb
"THQH PATTAMBI",HOSP09TH007,"0466 2950400,8943310060","pro.thqhpattambi@gmail.com,gthpattambi@gmail.com",THQH,"TALUK HEAD QUARTERS HOSPITAL PATTAMBI PALAKKAD KERALA 679303",PALAKKAD,6440d365bc3a1cbc360972bc
"W&C Palakkad",HOSP09TH008,9447673027,wandcpkd@gmail.com,,"Govt Women and Children Hospital,                       Behind District Hospital, Palakkad",PALAKKAD,6440d365bc3a1cbc360972bd
"DH Palakkad",HOSP09DH001,9447624951,districthospitalpkd@gmail.com,DH,"District Hospital, Court road Palakkad",PALAKKAD,6440d365bc3a1cbc360972be
Chathenkary,HOSP03CHC001,9567063016,chcchathenkary@gmail.com,CHC,"CHC Chathenkary, Chathenkary PO",PATHANAMTHITTA,6440d365bc3a1cbc360972bf
Chittar,HOSP03CHC002,9846618304,phc77chittar@gmail.com,CHC,"CHC Chittar. Chittar p o",PATHANAMTHITTA,6440d365bc3a1cbc360972c0
Elanthoor,HOSP03CHC003,9947853066,chcelanthoor@gmail.com,CHC,"CHC Elanthoor",PATHANAMTHITTA,6440d365bc3a1cbc360972c1
Enadimangalam,HOSP03CHC004,9633242922,phcenadimangalam@gmail.com,CHC,"Elamannoor PO",PATHANAMTHITTA,6440d365bc3a1cbc360972c2
Ezhumattoor,HOSP03CHC005,9847897124,ezhumattoor.chc@gmail.com,CHC,"CHC Ezhumattoor,Ezhumattoor PO                                    ",PATHANAMTHITTA,6440d365bc3a1cbc360972c3
Kallooppara,HOSP03CHC006,9961696409,chckallooppara@gmail.com,CHC,"CHC Kallooppara,Kadamankulam po",PATHANAMTHITTA,6440d365bc3a1cbc360972c4
Kanjeettukara,HOSP03CHC007,9633031975,kanjeettukarachc@gmail.com,CHC,"CHC Kanjeettukara, Kanjeettukara PO",PATHANAMTHITTA,6440d365bc3a1cbc360972c5
Kunnamthanam,HOSP03CHC008,9946566118,phckunnamthanam@gmail.com,CHC,"CHC kunnamthanam, kunnamthanam po",PATHANAMTHITTA,6440d365bc3a1cbc360972c6
"Ranni Perunadu",HOSP03CHC009,8075076751,chcrannyperunad@gmail.com,CHC,"CHC R. Perunad. perunad p.o ",PATHANAMTHITTA,6440d365bc3a1cbc360972c7
Thumpamon,HOSP03CHC010,9446329877,chcthumpamon@gmail.com,CHC,"CHC Thumpamon,thumpamon po",PATHANAMTHITTA,6440d365bc3a1cbc360972c8
Vallana,HOSP03CHC011,8592921472,vallanachc@gmail.com,CHC,"CHC Vallana, Erumakkadu PO",PATHANAMTHITTA,6440d365bc3a1cbc360972c9
Vechoochira,HOSP03CHC012,9747211462,vechoochirachc@gmail.com,CHC,"CHC VECHUCHIRA,mannadisala p.o",PATHANAMTHITTA,6440d365bc3a1cbc360972ca
ANGAMOOZHY,HOSP03PHC001,9446189365,angamoozhiphc@gmail.com,PHCFHC,"PHC Angamoozhy, Angamoozhy,",PATHANAMTHITTA,6440d365bc3a1cbc360972cb
ANICAD,HOSP03PHC002,9562659593,fhcanicadu@gmail.com,PHCFHC,"VAIPUR PO, MALLAPALLY ",PATHANAMTHITTA,6440d365bc3a1cbc360972cc
CHANDANAPPALLY,HOSP03PHC003,9495835755,phcchandanapally@gmail.com,PHCFHC,"CHANDANAPPALLY P O",PATHANAMTHITTA,6440d365bc3a1cbc360972cd
CHENNERKARA,HOSP03PHC004,9497638866,chennerkaraphc@gmail.com,PHCFHC,"ELAVUMTHITTA P O",PATHANAMTHITTA,6440d365bc3a1cbc360972ce
CHERUKOLE,HOSP03PHC005,9496960488,phccherukole@gmail.com,PHCFHC,VAYALATHALA.P.O,PATHANAMTHITTA,6440d365bc3a1cbc360972cf
ERATHU,HOSP03PHC006,9946779450,phcerathu1@gmail.com,PHCFHC,"Manakala P.O, PIN - 691551",PATHANAMTHITTA,6440d365bc3a1cbc360972d0
EZHAMKULAM,HOSP03PHC007,9446852621,ezhamkulamphc@gmail.com,PHCFHC,"KAITHAPARAMBU PO EZHAMKULAM PIN 691526",PATHANAMTHITTA,6440d365bc3a1cbc360972d1
KADAMMANITTA,HOSP03PHC008,9961761239,phckadammanitta@gmail.com,PHCFHC,"KADAMMANITTA P O ",PATHANAMTHITTA,6440d365bc3a1cbc360972d2
KADAMPANAD,HOSP03PHC009,9497306744,kadampanadphc@gmail.com,PHCFHC,"Kadampanad south P O",PATHANAMTHITTA,6440d365bc3a1cbc360972d3
KADAPRA,HOSP03PHC010,9020266004,phckadapra@gmail.com,PHCFHC,"Kadapra P.O",PATHANAMTHITTA,6440d365bc3a1cbc360972d4
KAVIYOOR,HOSP03PHC011,x,"phckaviyoor@gmail.com ",PHCFHC,"Kaviyoor P O",PATHANAMTHITTA,6440d365bc3a1cbc360972d5
"KIZAKKE OTHARA",HOSP03PHC012,9400242309,otheraphc@gmail.com,PHCFHC,"FHC OTHERA,",PATHANAMTHITTA,6440d365bc3a1cbc360972d6
KOIPURAM,HOSP03PHC013,8281295394,koipuramphc@gmail.com,PHCFHC," NellickalP.O",PATHANAMTHITTA,6440d365bc3a1cbc360972d7
KOKKATHODU,HOSP03PHC014,8078195774,kokkathoduphc@gmail.com,PHCFHC,"kOKKATHODU P O",PATHANAMTHITTA,6440d365bc3a1cbc360972d8
KOODAL,HOSP03PHC015,9446539451,phckoodal388@gmail.com,PHCFHC,"Koodal (P.O), PIN- 689693",PATHANAMTHITTA,6440d365bc3a1cbc360972d9
KOTTANAD,HOSP03PHC016,9495265801,phckottanadu@gmail.com,PHCFHC,"kottanadu po -689615",PATHANAMTHITTA,6440d365bc3a1cbc360972da
KOTTANGAL,HOSP03PHC017,9544810376,phckottagal@gmail.com,PHCFHC,"kottagal po.",PATHANAMTHITTA,6440d365bc3a1cbc360972db
KULANADA,HOSP03PHC018,9895830150,phckulanada1@gmail.com,PHCFHC,"Kulanada PO, Pathanamthitta ",PATHANAMTHITTA,6440d365bc3a1cbc360972dc
KUTTAPUZHA,HOSP03PHC019,4692633047,phckuttapuzha@gmail.com,PHCFHC,"Kuttapuzha P O, Thiruvalla ",PATHANAMTHITTA,6440d365bc3a1cbc360972dd
KUTTOOR,HOSP03PHC020,9633975134,phckuttoor@gmail.com,PHCFHC,"PHC Kuttoor ",PATHANAMTHITTA,6440d365bc3a1cbc360972de
MALAYALAPUZHA,HOSP03PHC021,9447556224,phcmalayalapuzha@gmail.com,PHCFHC,"Thazham P O",PATHANAMTHITTA,6440d365bc3a1cbc360972df
MALLAPUZHASSERY,HOSP03PHC022,8891435308,phcmalla@gmail.com,PHCFHC,"Punnackadu P.O, PIN: 689652",PATHANAMTHITTA,6440d365bc3a1cbc360972e0
MANJINIKARA,HOSP03PHC023,9495549794,manjanikkaraphc@gmail.com,PHCFHC,"Mathoor P.O, PIN 689647",PATHANAMTHITTA,6440d365bc3a1cbc360972e1
MEZHUVELI,HOSP03PHC024,9747318815,mezhuveliphc@gmail.com,PHCFHC,"ULLANNOOR P O,PIN:689503",PATHANAMTHITTA,6440d365bc3a1cbc360972e2
MYLAPRA,HOSP03PHC025,04682276224/9495547523,phcmylapra@gmail.com,PHCFHC,"Mylapra P.O.",PATHANAMTHITTA,6440d365bc3a1cbc360972e3
NARANAMMOOZHY,HOSP03PHC026,"04735 271244",phcnaranammoozhy@gmail.com,PHCFHC,"NARANAMMOOZHY P.O 689711",PATHANAMTHITTA,6440d365bc3a1cbc360972e4
NEDUMPURAM,HOSP03PHC027,"0469 2642640",phcnedumpuram@gmail.com,PHCFHC,"Nedupuram, ",PATHANAMTHITTA,6440d365bc3a1cbc360972e5
NILACKAL,HOSP03PHC028,9847514546,nilakkalphc@gmail.com,PHCFHC,"pampa Triveni p. o. pin:689662",PATHANAMTHITTA,6440d365bc3a1cbc360972e6
NIRANAM,HOSP03PHC029,9447463637,mophcniranampa@gmail.com,PHCFHC,"FHC Niranam, Thiruvalla, Pathanamthitta 689621",PATHANAMTHITTA,6440d365bc3a1cbc360972e7
OMALLOOR,HOSP03PHC030,9497812336,phcomalloor@gmail.com,PHCFHC,Omalloor,PATHANAMTHITTA,6440d365bc3a1cbc360972e8
PANDALAM,HOSP03PHC031,9497595047,pandalamphc@gmail.com,PHCFHC,"PANDALAM PO PANDALAM 689501",PATHANAMTHITTA,6440d365bc3a1cbc360972e9
"PANDALAM THEKKEKARA",HOSP03PHC032,9961715944,phcpandalamthekku@gmail.com,PHCFHC,"Pandalam Thekkekaka , Thattayil P.O, ",PATHANAMTHITTA,6440d365bc3a1cbc360972ea
PALLICKAL,HOSP03PHC033,7034444557,phcpallickal@gmail.com,PHCFHC,"THOTTUVA,ANAYADI PO",PATHANAMTHITTA,6440d365bc3a1cbc360972eb
PRAMADAM,HOSP03PHC034,9446630360,phcpramadom@gmail.com,PHCFHC,"V Kottayam P.O PIN 689656",PATHANAMTHITTA,6440d365bc3a1cbc360972ec
PURAMATTOM,HOSP03PHC035,9544406993,phcpuramattom@gmail.com,PHCFHC,"Puramattom P.O, 689543",PATHANAMTHITTA,6440d365bc3a1cbc360972ed
"RANNI ANGADI",HOSP03PHC036,9447594852,phcangady@gmail.com,PHCFHC,"Angadi, Ranni",PATHANAMTHITTA,6440d365bc3a1cbc360972ee
"RANNI PAZHAVANGADI",HOSP03PHC037,9605436999,phcpazhavangadi99@gmail.com,PHCFHC,"PHC Ranni Pzhavangadi",PATHANAMTHITTA,6440d365bc3a1cbc360972ef
SEETHATHODE,HOSP03PHC038,8281885755,seethathodephc@gmail.com,PHCFHC,seethathode,PATHANAMTHITTA,6440d365bc3a1cbc360972f0
THANNITHODU,HOSP03PHC039,9532093563,tndphc@gmail.com,PHCFHC,"Thannithod P O",PATHANAMTHITTA,6440d365bc3a1cbc360972f1
THELLIYOOR,HOSP03PHC040,9846425685,thelliyoorphc@gmail.com,PHCFHC,"THELLIYOOR PO",PATHANAMTHITTA,6440d365bc3a1cbc360972f2
THOTTAPUZHASERY,HOSP03PHC041,8289907242,thottapuzhasseryphc@gmail.com,PHCFHC,"PHC Thottapuzhassery,kurianoor ",PATHANAMTHITTA,6440d365bc3a1cbc360972f3
VADASSERIKARA,HOSP03PHC042,8921050949,"phcvadasseikkara @ gmail. com",PHCFHC,"Vadasseikkara po",PATHANAMTHITTA,6440d365bc3a1cbc360972f4
VALLICODE,HOSP03PHC043,046822356338,phcvallikode@gmail.com,PHCFHC,"Phc vallicode",PATHANAMTHITTA,6440d365bc3a1cbc360972f5
"THQH Konni",HOSP03TH001,9535937088,chckonni@gmail.com,THQH,"Superintendent , Taluk Headquarters Hospital, konni pin : 689691",PATHANAMTHITTA,6440d365bc3a1cbc360972f6
"THQH Mallappally",HOSP03TH002,8113890351,thospitalmallappally@gmail.com,THQH,"Mallappally West P. O, Mallappally, Pin 689 585",PATHANAMTHITTA,6440d365bc3a1cbc360972f7
"THQH Ranni",HOSP03TH003,8921435668,thqhranni@gmail.com,THQH,"superintendent,Thaluk head quarters hosptal,perumbuzha p.o ,ranni ",PATHANAMTHITTA,6440d365bc3a1cbc360972f8
"THQH Thiruvalla",HOSP03TH004,98461111765,thqhtvl@gmail.com,THQH,"Taluk Head Qurters Hospitl,Thiruvalla",PATHANAMTHITTA,6440d365bc3a1cbc360972f9
"General Hospital, Adoor",HOSP03GH001,04734223236,"gshadoor@gmail.com, proadoor@gmail.com ",GH,"Adoor , Adoor",PATHANAMTHITTA,6440d365bc3a1cbc360972fa
"General Hospital, Pathanamthitta",HOSP03GH002,9447979777,"ghpathanamthitta@gmail.com,pro.ghpta@gmail.com",GH,"General Hospital Pathanamthitta P O,Pathanamthitta 689645",PATHANAMTHITTA,6440d365bc3a1cbc360972fb
"District Hospital, Kozhencherry",HOSP03DH001,9995690397,dhkpta@gmail.com,DH,"Kozhencherry, Near Pt. Bus stand",PATHANAMTHITTA,6440d365bc3a1cbc360972fc
"Govt Medical College Konni",HOSP03MCH001,9847281253,supdtgmckonni@gmail.com,MCH,"GMC KONNI, KUMMANNOOR(P O)",PATHANAMTHITTA,6440d365bc3a1cbc360972fd
"CHC Anchuthengu",HOSP01CHC001,8129274408,anchuthenguchc@gmail.com,CHC,"Anchuthengu, Anchuthengu. P. O",Trivandrum,6440d365bc3a1cbc360972fe
"CHC Andoorkonam",HOSP01CHC002,9446467090,phcandoorkonam@gamil.com,CHC,Andoorkonam,Trivandrum,6440d365bc3a1cbc360972ff
CHCAryanadu,HOSP01CHC003,9447413309,chcaryanad@gmail.com,CHC,"Community Health Centre Aryanad, Aryanad .P.O",Trivandrum,6440d365bc3a1cbc36097300
"CHC Iranimuttom",HOSP01CHC004,9747211425,mo.chc.iranimuttom@gmail.com,CHC,"CHC Iranimuttom ,Iranimuttom",Trivandrum,6440d365bc3a1cbc36097301
"CHC Kallara",HOSP01CHC005,9446076350,chckallara@gmail.com,CHC,"COMMUNITY HEALTH CENTRE KALLARA",Trivandrum,6440d365bc3a1cbc36097302
"CHC Kanyakulangara",HOSP01CHC006,0472-2831209,chckanyakulangara1&gmail.com,CHC,"CHC KANYAKULANGARA,KANYAKLANGARA.P.O VEMBAYAM.TRIVANDRUM-695615",Trivandrum,6440d365bc3a1cbc36097303
"CHC Kattakkada",HOSP01CHC007,"+91 94474 39712","chckattakadaold@gmail.com ",CHC,"CHC kattakada kattakada ",Trivandrum,6440d365bc3a1cbc36097304
"CHC Kesavapuram",HOSP01CHC008,9497009992,chcksvpm2022@gmail.com,CHC,"Medical officer, Community Health Centre, Kesavapuram Nagaroor (po)Kilimanoor PIN-695601",Trivandrum,6440d365bc3a1cbc36097305
"CHC Manamboor",HOSP01CHC010,9633819795,mbrchc@gmail.com,CHC,"MANAMBOOR PO, MANAMBOOR PIN 695611",Trivandrum,6440d365bc3a1cbc36097306
"CHC Pallickal",HOSP01CHC011,7012772876,phcpallickal123@gmail.com,CHC,"CHC PALLICKAL",Trivandrum,6440d365bc3a1cbc36097307
"CHC Palode",HOSP01CHC012,9447128584,"Chcpalode @gmail. Com",CHC,"Community health center palode nanniyode pacha po",Trivandrum,6440d365bc3a1cbc36097308
"CHC Perumkadavila",HOSP01CHC013,9605623330,phcperumkadavila@gmail.com,CHC,"Community Health centre Perumkadavila ",Trivandrum,6440d365bc3a1cbc36097309
"CHC Poonthura",HOSP01CHC014,0471-2380427,phcpoonthura@gmail.com,CHC,"S.M Lock Junction,Puthenpally Poonthura.P.O",Trivandrum,6440d365bc3a1cbc3609730a
"CHC Poovar",HOSP01CHC015,9400655299,chcpoovar@gmail.com,CHC,"Medical Officer in Charge CHC Poovar, Poovar PO",Trivandrum,6440d365bc3a1cbc3609730b
"CHC Pulluvila",HOSP01CHC016,"0471 2260348","pvlachc10@gmail.com ",CHC,"Community health centre Pulluvila, Pulluvila p. O",Trivandrum,6440d365bc3a1cbc3609730c
"CHC Puthenthope",HOSP01CHC017,9947178326,chcputhenthope@gmail.com,CHC,"CHC PUTHENTHOPPE, 695586",Trivandrum,6440d365bc3a1cbc3609730d
CHCVakkom,HOSP01CHC018,9846990017,movakkom@gmail.com,CHC,"RURAL HEALTH CENTRE VAKKOM, VAKKOM. PO",Trivandrum,6440d365bc3a1cbc3609730e
CHCVellanad,HOSP01CHC019,4722882199,vellanadchc@gmail.com,CHC,"Vellanad ",Trivandrum,6440d365bc3a1cbc3609730f
CHCVellarada,HOSP01CHC020,9961367267,"chcvellarada1@gmail..com ",CHC,"CHC Vellarada ",Trivandrum,6440d365bc3a1cbc36097310
CHCVenpakal,HOSP01CHC021,0471-2223594,chcvnta@gmail.com,CHC,"CHC Venpakal , Venpakal PO",Trivandrum,6440d365bc3a1cbc36097311
CHCVilappil,HOSP01CHC022,8907499103,chcvilappil@gimail.com,CHC,"CHC Vilappilsala , Vilappilsala P O",Trivandrum,6440d365bc3a1cbc36097312
CHCVizhinjam,HOSP01CHC023,4715480400,"mochcvizhinjamtvm@gmail.com, rsbychcvizinjam@gmail.com",CHC,"Kovalam Jn. to Vizhinjam road,Theatre Jn. Vizhinjam P.O. pin-695521.",Trivandrum,6440d365bc3a1cbc36097313
"CHC KOTTUKAL",HOSP01CHC009,0471-2269070,mophckottukal@gmail.com,CHC,"Family Health Centre Kottukal Kottukal P O pin-695501",Trivandrum,6440d365bc3a1cbc36097314
ADAYAMON,HOSP01PHC001,9746671297,adayamonphc@gmail.com,PHC,"family health center ,adayamon",Trivandrum,6440d365bc3a1cbc36097315
AMBOORI,HOSP01PHC002,7902580654,staffphcamboori@gmail.com,PHC,"FHC . Amboori,Mayam",Trivandrum,6440d365bc3a1cbc36097316
ANAD,HOSP01PHC003,9447178345,phcanad@gmail.com,PHC,"Family health centre Anad, Anad P O, Thiruvananthapuram ",Trivandrum,6440d365bc3a1cbc36097317
ANAKUDY,HOSP01PHC004,9544919851,phcanakudy@yahoo.com,PHC,"Fhc anakudy, karimkuttikkara p o., anakudy",Trivandrum,6440d365bc3a1cbc36097318
ARUVIKKARA,HOSP01PHC005,4722887274,"Phcaruvikkara@gmail.com ",PHC,"FHC Aruvikkara, Aruvikkara. P. O, Tvm",Trivandrum,6440d365bc3a1cbc36097319
AZHOOR,HOSP01PHC006,9847223752,moicphcazhoor@gmail.com,PHC,"FHC AZHOOR, PERUMKUZHI. PO",Trivandrum,6440d365bc3a1cbc3609731a
BALARAMAPURAM,HOSP01PHC007,8086218468,phcbalaramapuram@gmail.com,PHC,"FHC Balaramapuram, balaramapuram P O",Trivandrum,6440d365bc3a1cbc3609731b
BHARATHANNOOR,HOSP01PHC008,9745744418,Phcbharathannoor@gmail.com,PHC,"PHC Bharathannoor,pangode p o,Trivandrum",Trivandrum,6440d365bc3a1cbc3609731c
CHEMBOOR,HOSP01PHC009,0471-2257755,phcchemboor@gmail.com,PHC,"Family Health Centre, Chemboor,Ottasekharamangalam.PO,Thiruvananthapuram District,Kerala-695125",Trivandrum,6440d365bc3a1cbc3609731d
CHEMMARUTHY,HOSP01PHC010,9048619671,cmyphc@gmail.com,PHC,CHEMMARUTHY,Trivandrum,6440d365bc3a1cbc3609731e
CHENKAL,HOSP01PHC011,0471-2236622,pchenkal@gmail.com,PHC,"FHC, CHENKAL",Trivandrum,6440d365bc3a1cbc3609731f
CHERUNNIYOOR,HOSP01PHC012,9895864325,vaisakhusha@gmail.com,PHC,"Cherunniyoor ",Trivandrum,6440d365bc3a1cbc36097320
CHETTIVILAKAM,HOSP01PHC013,4712730404,phcchettivilakom@gmail.com,PHC,"Family Health Centre Chettivilakom muckolakal.p.o Thiruvananthapuram 695043",Trivandrum,6440d365bc3a1cbc36097321
EDAVA,HOSP01PHC014,9446093472,edavaphc@gmail.com,PHC,"FAMILY HEALTH CENTRE, EDAVA , EDAVA P.O , THIRUVANANTHAPURAM , PIN:695311",Trivandrum,6440d365bc3a1cbc36097322
JAGATHY,HOSP01PHC015,"0471 2321996",gdjagathy@gmail.com,PHC,"FHC jagathy,Jagathy,Tvm",Trivandrum,6440d365bc3a1cbc36097323
KADAKAMPALLY,HOSP01PHC016,9446500757,phckadakampalli@gmail.com,PHC,"Anayara p.o, Trivandrum - 695029",Trivandrum,6440d365bc3a1cbc36097324
KALLIKADUOLD(VEERANAKAVU),HOSP01PHC017,917025429711,phcvrkvu@gmail.com,PHC,"Phc kallikadu old veernakavu ",Trivandrum,6440d365bc3a1cbc36097325
KALLIKKADNEW,HOSP01PHC018,4712273715,fhckallikkadu@gmail.com,PHC,"Fhc Kallikkadu, Neyyardam Po pin 695572",Trivandrum,6440d365bc3a1cbc36097326
KALLIYOOR,HOSP01PHC019,8848746489,kalliyoorphc@gmail.com,PHC,"FHC Kalliyoor , Tettivila , Klliyoor P O",Trivandrum,6440d365bc3a1cbc36097327
KANJIRAMKULAM,HOSP01PHC020,"0471 2263505","phckjm10@gmail.com ",PHC,"FAMILY HEALTH CENTRE KANJIRAMKULAM p o kaivanvila ",Trivandrum,6440d365bc3a1cbc36097328
KARAKULAM,HOSP01PHC021,4722587700,"karakulamphc@gmail.com ",PHC,"Family Health Center, Karakulam, Vattappara. P.O, TVM-695028",Trivandrum,6440d365bc3a1cbc36097329
KARAMANA,HOSP01PHC022,9446101587,phckaramana@hotmail.com,PHC,"Karamana, Karamana PO, Thiruvananthapuram",Trivandrum,6440d365bc3a1cbc3609732a
KARAVARAM,HOSP01PHC023,9497132333,Phckaravaram@gmail.com,PHC,"Medical officer, family health centre karavaram, karavaram (po) thottaykkadu kallambalam pin 695605",Trivandrum,6440d365bc3a1cbc3609732b
KARODE,HOSP01PHC024,9656288596,"Phckarode8@gmail.com ",PHC,"Karumaram, kakkavila po. Tvpm district ",Trivandrum,6440d365bc3a1cbc3609732c
KATTAKADA(NEW)(AMACHAL),HOSP01PHC025,"+91 94968 18147",fhcamachal@gmail.com,PHC,"Fhc kattakada",Trivandrum,6440d365bc3a1cbc3609732d
KEEZHATTINGAL,HOSP01PHC026,9656596044,phckeezhattingal@gmail.com,PHC,"FAMILY HEALTH CENTRE KEEZHATTINGAL, KEEZHATTINGAL. P. O",Trivandrum,6440d365bc3a1cbc3609732e
KILIMANOOR,HOSP01PHC027,4702651313,phckilimanoor@gmail.com,PHC,"Mulakkalatukavu po, kilimanoor",Trivandrum,6440d365bc3a1cbc3609732f
KIZHVILAM,HOSP01PHC028,8137089890,phckizhuvillam@gmail.com,PHC,"Kizhuvilam, Kizhuvilam P. O",Trivandrum,6440d365bc3a1cbc36097330
KOLLAYIL,HOSP01PHC029,9595352497,phckollayil@gmail.com,PHC,"family health center, near ITI JUNCTION, KOLLAYIL",Trivandrum,6440d365bc3a1cbc36097331
KOTTUKAL,HOSP01PHC030,0471-2269070,mophckottukal@gmail.com,PHC,"Family Health Centre Kottukal Kottukal P O pin-695501",Trivandrum,6440d365bc3a1cbc36097332
"KOWDIAR(PALACE DISPENSARY)",HOSP01PHC031,,,PHC,,Trivandrum,6440d365bc3a1cbc36097333
KULATHOOR,HOSP01PHC032,7560957899,"phckulathoor. 2209551@gmail. com",PHC,"Uchakada Kulathoor",Trivandrum,6440d365bc3a1cbc36097334
KUNNATHUKAL,HOSP01PHC033,9048100456,kklphc@gmail.com,PHC,"Kunnathu lal kunnathukal PO",Trivandrum,6440d365bc3a1cbc36097335
KUTTICHAL,HOSP01PHC034,"+91 94976 88590","phckuttichal@gmail.com ",PHC,"PHC kuttichal,kuttichal ",Trivandrum,6440d365bc3a1cbc36097336
MADAVOOR,HOSP01PHC035,9447632793,madavoorphc@gmail.com,PHC,"FHC MADAVOOR, PULIYOORKONAM PO, PIN 695604",Trivandrum,6440d365bc3a1cbc36097337
MALAYADI,HOSP01PHC036,9447244208,phcmalayadi1@gmail.com,PHC,"Family Health Centre Malayadi, Vinobaniketan .P.O",Trivandrum,6440d365bc3a1cbc36097338
MANGALAPURAM,HOSP01PHC037,4712424100,phcentremangalapuram@gmail.com,PHC,"FHC MANGALAPURAM, THONNAKKAL P O",Trivandrum,6440d365bc3a1cbc36097339
MANICKAL,HOSP01PHC038,9895811808,Phcmanickal@gmail.com,PHC,"F HC Manickal koliyakode Pin 696607",Trivandrum,6440d365bc3a1cbc3609733a
MARANALLOOR,HOSP01PHC039,8848897558,maranalloorphc1@gmail.com,PHC,"PHC Maranellur Koovalasery P O",Trivandrum,6440d365bc3a1cbc3609733b
MUDAKKAL,HOSP01PHC040,9495702462,phcmudakkal@gmail.com,PHC,"FAMILY HEALTH CENTRE MUDAKKAL, VALAKAD. PO, MUDAKKAL",Trivandrum,6440d365bc3a1cbc3609733c
NAGAROOR,HOSP01PHC041,,,PHC,,Trivandrum,6440d365bc3a1cbc3609733d
NAVAIKULAM,HOSP01PHC042,7510188113,phcnavaikulam@gmail.com,PHC,"Phc, Navaikulam ",Trivandrum,6440d365bc3a1cbc3609733e
OTTOOR,HOSP01PHC043,9446506177,ottoorphc@gmail.com,PHC,"Njekkad, Vadasserikonam P. O",Trivandrum,6440d365bc3a1cbc3609733f
PALLICHAL,HOSP01PHC044,9497801020,phcpallichal@gmail.com,PHC,"PHC Pallichal , Balaramapuram P O , 695501",Trivandrum,6440d365bc3a1cbc36097340
PANAVOOR,HOSP01PHC045,9567027770,phcpanavoor@gmail.com,PHC,"Family health centre Panavoor, Panavoor P O, Thiruvananthapuram ",Trivandrum,6440d365bc3a1cbc36097341
PANGAPPARA,HOSP01PHC046,9995236787,mchunitpangapparatrivandrum@gmail.com,PHC,"IFHC pangappara, Pangappara, Trivandrum",Trivandrum,6440d365bc3a1cbc36097342
PARANIYAM,HOSP01PHC047,8113807029,paraniyamphc123@gmail.com,PHC,"FHC Paraniyam, Paraniyam,Poovar PO",Trivandrum,6440d365bc3a1cbc36097343
PARASUVAIKKAL,HOSP01PHC048,"0471 2200070","phcparasuvaikkall@gmail.com ",PHC,"PHC Parasuvaikkal",Trivandrum,6440d365bc3a1cbc36097344
PERINGAMMALA,HOSP01PHC049,4722846310,"phcperingammala@gmail.com ",PHC,"FHC Peringammala",Trivandrum,6440d365bc3a1cbc36097345
PERUMATHURA,HOSP01PHC050,9744854468,perumathuraphc@gmail.com,PHC,"FHC PERUMATHURA",Trivandrum,6440d365bc3a1cbc36097346
PERUMPAZHUTHOOR,HOSP01PHC051,9496194371,"phcperumpazhuthoor @gmail.com",PHC,"PERUMPAZHUTHOOR, OLATHANNI",Trivandrum,6440d365bc3a1cbc36097347
POOZHANAD,HOSP01PHC052,,,PHC,,Trivandrum,6440d365bc3a1cbc36097348
POZHIYOOR,HOSP01PHC053,9746444504,Pozhiyoorphc2010@gmail.com,PHC,"Family Health Centre Pozhiyoor",Trivandrum,6440d365bc3a1cbc36097349
PULIMATH,HOSP01PHC054,7907705570,phcpulimath@gmail.com,PHC,"FAMILY HEALTH CENTRE, PULIMATH, KATTUMPURAM P O, PIN 695608",Trivandrum,6440d365bc3a1cbc3609734a
PULLAMPARA,HOSP01PHC055,8590153624,Phcpullampara@gmail.com,PHC,"PHC Pullampara",Trivandrum,6440d365bc3a1cbc3609734b
PUTHUKURICHY,HOSP01PHC056,,,PHC,,Trivandrum,6440d365bc3a1cbc3609734c
THIRUVALLOM,HOSP01PHC057,9446255011,phcthiruvallam@gmail.com,PHC,"FHC Thiruvallam, Trivandrum, 695027",Trivandrum,6440d365bc3a1cbc3609734d
THOLICODE,HOSP01PHC058,8139888265,phctholicode@yahoo.in,PHC,"FHC Tholicode, Tholicode.P.O. TVM",Trivandrum,6440d365bc3a1cbc3609734e
THONIPARA,HOSP01PHC059,4702667177,tnpraphc@gmail.com,PHC,"FHC THONIPPARA,HARIHARAPURAM PO ELAKAMON VARKALA pin:695310",Trivandrum,6440d365bc3a1cbc3609734f
THONNAKKAL,HOSP01PHC060,9497476417,phcthonnakkal@gmail.com,PHC,"VENGODE , KUDAVOOR.P.O, 695313",Trivandrum,6440d365bc3a1cbc36097350
ULLOOR,HOSP01PHC061,,,PHC,,Trivandrum,6440d365bc3a1cbc36097351
UZHAMALAKKAL,HOSP01PHC062,9744285588,phcuzhamalakkal@gmail.com,PHC,"Phc uzhamalakkal ,uzhamalakkal ",Trivandrum,6440d365bc3a1cbc36097352
VALIYATHURA,HOSP01PHC063,"04712502460 .9446286561",cshvaliathura@gmail.com,PHC,"Valiyathura,Vallakadavu PO,TVPM 695008",Trivandrum,6440d365bc3a1cbc36097353
VAMANAPURAM,HOSP01PHC064,9497057158,Phcvamanapuram@gmail.com,PHC,"Block family health centre. Vamanapuram, vamanapuram po",Trivandrum,6440d365bc3a1cbc36097354
VATTIYOORKAVU,HOSP01PHC065,9567780525,fhcvattiyoorkavu@gmail.com,PHC,"Family Health Centre Vattiyoorkavu ",Trivandrum,6440d365bc3a1cbc36097355
VELI,HOSP01PHC066,2320821,"Veliphc@gmail.com ",PHC,"Primaryhealth centre, veli Thiruvananthapuram ",Trivandrum,6440d365bc3a1cbc36097356
VELLAYANI,HOSP01PHC067,9446483606,phcvellayani@gmail.com,PHC,"phc vellayani , vellayani P O",Trivandrum,6440d365bc3a1cbc36097357
VEMBAYAM,HOSP01PHC068,4722834833,"phcvembayam@gmail.com ",PHC,"Fhc vembayam, konchira. P. O vettinad ",Trivandrum,6440d365bc3a1cbc36097358
VETTORE,HOSP01PHC069,9400993601,vettoorphc@gmail.com,PHC,"Melvettoor p. O, varkala 695312",Trivandrum,6440d365bc3a1cbc36097359
VILAVOORKKAL,HOSP01PHC070,9747287220,phcvil@gmail.com,PHC,"PHC VILAVOORKAL",Trivandrum,6440d365bc3a1cbc3609735a
VIZHINJAMNEWMUKKOLA,HOSP01PHC071,8590397426,phcmukkola@gmail.com,PHC,"FHC MUKKOLA",Trivandrum,6440d365bc3a1cbc3609735b
"AVMCH Poojappura",HOSP01TH008,9447715886,avchwcpjp@gmail.com,THQH,"Ayurveda College Hospital for W & C, Poojappura, Poojappura PO, Thiruvananthapuram",Trivandrum,6440d365bc3a1cbc3609735c
"CHC, Malayinkeezhu",HOSP01TH009,4712282490,thmkyl@gmail.com,THQH,"THQH MALAYINKIL MANIYARAVILA MALAYINKIL PO",Trivandrum,6440d365bc3a1cbc3609735d
"Fisheries Hospital ,Valiyathura",HOSP01TH010,9446286561,cshvaliathura@gmail.com,THQH,"Valiyathura, Valla Kadavu (P0) TVPM 695 008",Trivandrum,6440d365bc3a1cbc3609735e
"Mental Health Center Peroorkada",HOSP01TH011,4712432689,mhctvpm@gmail.com,THQH,"Government Mental health centre Peroorkada Peroorkada P O, Thiruvananthapuram ",Trivandrum,6440d365bc3a1cbc3609735f
"Regional Institute Of Ophthalmology",HOSP01TH012,9747211414,eyehospitaltrivandrum@Gmail.com,THQH,"Jai Vihar Kunnukuzhy Thiruvananthapuram",Trivandrum,6440d365bc3a1cbc36097360
"SPECIALITY TB CENTRE PULAYANARKOTTAH",HOSP01TH013,4712442041,"cdsanatorium@gmail.com ",THQH,"Chest disesase hospital Pulayanarkotta,Pulayanarkotta,",Trivandrum,6440d365bc3a1cbc36097361
"TH Attingal,Tvm",HOSP01TH001,"0470 2622447",thattingal@gmail.com,THQH,"GOVT TALUK HOSPITAL ATTINGAL, VALIYAKUNNU, KIZHUVILAM - PO, THIRUVANANTHAPURAM, PIN - 695104.",Trivandrum,6440d365bc3a1cbc36097362
"TH Fort,Tvm",HOSP01TH003,"+91 90489 48150",thforttvm@gmail.com,THQH,"GOVT.FORT HOSPITAL, THIRUVANANTHAPURAM -695023",Trivandrum,6440d365bc3a1cbc36097363
"TH Nemom,Tvm",HOSP01TH004,9447237496,chcnemom@gmail.com,THQH,"Taluk Hospital Nemom, Santhivila, Nemom PO, Thiruvananthapuram, Kerala",Trivandrum,6440d365bc3a1cbc36097364
"TH Varkala,Tvm",HOSP01TH006,9847137818,thqvarkala@gmail.com,THQH,"Temple road varkala pin 695141",Trivandrum,6440d365bc3a1cbc36097365
"TH Vithura",HOSP01TH007,4722856262,chcvithura@yahoo.in,THQH,"Hospital management committee",Trivandrum,6440d365bc3a1cbc36097366
"THQH Chirayinkil,Tvm",HOSP01TH002,8137894384,"thqhchkl2021@gmail.com ",THQH,"Thqh chirayinkeezhu ",Trivandrum,6440d365bc3a1cbc36097367
"THQH Parassala,Tvm",HOSP01TH005,9747211426,supt.thparassala@gmail.com,THQH,"THQHPARASSALA PARASSALA P.O TRIVANDRUM 695502",Trivandrum,6440d365bc3a1cbc36097368
"W&C THYCAUD",HOSP01TH014,4712323457,"wchthycaud@gmail.com ",THQH,"W&C hospital,Thycaud",Trivandrum,6440d365bc3a1cbc36097369
"DH Nedumangad,TVM",HOSP01DH001,9544434434,thqhndd@gmail.com,DH,"Nedumanagad Trivandrum",Trivandrum,6440d365bc3a1cbc3609736a
"DMH Peroorkada,TVM",HOSP01DH002,"0471 2992014",dmhperoorkada@gmail.com,DH,"District model hospital peroorkada peroorkada p o",Trivandrum,6440d365bc3a1cbc3609736b
"GH Neyyattinkara",HOSP01GH001,8111952545,dhneyyattinkara@gmail.com,GH,"GENERAL HOSPITAL, HOSPITAL JUNCTION, NEYYATTINKARA",Trivandrum,6440d365bc3a1cbc3609736c
"GH Trivandrum",HOSP01GH002,9747211411,generalhospitaltrivandrum@gmail.com,GH,"General Hospital Trivandrum, vanchiyoor",Trivandrum,6440d365bc3a1cbc3609736d
"Medical College TVM",HOSP01MCH001,,supdt.mcht@gmail.com,MCH,"Superintendent of medical college TVM, Medicalc ollege, Trivandrum-695011",Trivandrum,6440d365bc3a1cbc3609736e
"CHC ALAPPAD",HOSP08CHC001,,,CHC,,THRISSUR,6440d365bc3a1cbc3609736f
"CHC ANANDAPURAM",HOSP08CHC002,9946619942,anandapuramchc@gmail.com,CHC,"Community Health Centre, Anandapuram , Pin.680 305",THRISSUR,6440d365bc3a1cbc36097370
"CHC ANTHIKKAD",HOSP08CHC003,9446466061,ghanthikad@gmail.com,CHC,"Community health centre anthikad",THRISSUR,6440d365bc3a1cbc36097371
"CHC CHERPU",HOSP08CHC004,4872963100,chccherpu@gmail.com,CHC,"CHC CHERPU",THRISSUR,6440d365bc3a1cbc36097372
"CHC ELINJIPRA",HOSP08CHC005,8547870641,phcelinjipra@gmail.com,CHC,"Community Health Centre, Chowka, Elinjipra P.O 680721",THRISSUR,6440d365bc3a1cbc36097373
"CHC ERUMAPETTY",HOSP08CHC006,9946946122,erumapettychc@gmail.com,CHC,"Community Health Centre Erumapetty, Erumapetty PO- 680584",THRISSUR,6440d365bc3a1cbc36097374
"CHC KADAPPURAM",HOSP08CHC007,9446316237,moicphckdpm@gmail.com,CHC,"Community Health Centre Kadappuram, Anchangadi P O",THRISSUR,6440d365bc3a1cbc36097375
"CHC KATOOR",HOSP08CHC008,"0480 2874 890",kattoorgh@gmail.com,CHC,"Community Health Centre, P O Kattoor, Pin.680702",THRISSUR,6440d365bc3a1cbc36097376
"CHC MADAVANA",HOSP08CHC009,4802805100,mophcmadavana@gmail.com,CHC,"FHC MADAVANA, MADAVANA P.O , KODUNGALLUR ",THRISSUR,6440d365bc3a1cbc36097377
"CHC MALA",HOSP08CHC010,0480-2890281,govthosmala@gmail.com,CHC,"K KARUNAKARANSMARAKA COMMUNITY HEALTH CENTRE,MALA",THRISSUR,6440d365bc3a1cbc36097378
"CHC MATTATHUR",HOSP08CHC011,9446763914,"phcmattathur@gmail.com ",CHC,"community health center , PO PADDY, KODALY PIN 680699",THRISSUR,6440d365bc3a1cbc36097379
"CHC MULLASSERY",HOSP08CHC012,9447887436,chc.mly@gmail.com,CHC,"Community Health Centre Mullassery,Mullassery P O PIN 680509",THRISSUR,6440d365bc3a1cbc3609737a
"CHC OLLUR",HOSP08CHC013,9495830614,primaryhealthcentreollur@gmail.com,CHC,"PRIMARY HEALTH CENTRE OLLUR",THRISSUR,6440d365bc3a1cbc3609737b
"CHC PAZHANJI",HOSP08CHC014,,"chcpazhanji123@gmail. com",CHC,"HOSPITAL DEVELOPMENT COMMITTEE
Address : COMMUNITY HEALTH CENTRE
PAZHANJI
THRISSUR",THRISSUR,6440d365bc3a1cbc3609737c
"CHC PAZHAYANNUR",HOSP08CHC015,9400624997,pazhayannurchc@gmail.com,CHC,"COMMUNITY HEALTH CENTRE PAZHAYANNUR ",THRISSUR,6440d365bc3a1cbc3609737d
"CHC PERINJANAM",HOSP08CHC016,9447474635,chcperinjanam2008@gmail.com,CHC,"COMMUNITY HEALTH CENTRE PERINJANAM",THRISSUR,6440d365bc3a1cbc3609737e
"CHC PUTHENCHIRA",HOSP08CHC017,,,CHC,,THRISSUR,6440d365bc3a1cbc3609737f
"CHC THIRUVILWAMALA",HOSP08CHC018,8547782509,chcthiruvilwamala1@gmail.com,CHC,"Community Health center Thiruvilwamala, Thrissur District-680588",THRISSUR,6440d365bc3a1cbc36097380
"CHC THOLUR",HOSP08CHC019,9895483059,bphctholur@gmail.com,CHC,"THOLUR COMMUNITY HEALTH CENTER,  Kaiparambu  Parappur Rd, Parappur, Kerala 680552",THRISSUR,6440d365bc3a1cbc36097381
"CHC THRIPRAYAR",HOSP08CHC020,9446549176,chcthriprayar@rediffmail.com,CHC,"Community Health center Thriprayar",THRISSUR,6440d365bc3a1cbc36097382
"CHC VADAKEKAD",HOSP08CHC021,9447185725,chcvkd@gmail.com,CHC,"CHC VADAKKEKAD,",THRISSUR,6440d365bc3a1cbc36097383
"CHC VADANAPILLY",HOSP08CHC022,,chcvatanappilly@gmail.com,CHC,"C.H.C Hospital management committee, superintendent ",THRISSUR,6440d365bc3a1cbc36097384
"CHC VALAPPAD",HOSP08CHC023,9446447940,chcvalapad@yahoo.com,CHC,"Hospital Management Committee,CHC Valapad",THRISSUR,6440d365bc3a1cbc36097385
"CHC VELANIKKARA",HOSP08CHC024,9447408443,chcvellanikkara@gmail.com,CHC,"COMMUNITY HEALTH CENTRE VELLANIKKARA, THOTTAPADI, KAU P.O, THRISSUR",THRISSUR,6440d365bc3a1cbc36097386
"PHC ADAT",HOSP08PHC001,,,PHC,,THRISSUR,6440d365bc3a1cbc36097387
"PHC ALAGAPPA NAGAR",HOSP08PHC002,"0480 2 75 5124","phcalagappanagar@gmail.com ",PHC,"PHC ALAGAPPANAGAR, PO VATTANATHRA , PIN 60302",THRISSUR,6440d365bc3a1cbc36097388
"PHC ALOOR",HOSP08PHC003,0480-2960483,phcaloor@gmail.com,PHC,"FAMILY HEALTH CENTRE,ALOOR,ALOOR P.O,680683",THRISSUR,6440d365bc3a1cbc36097389
"PHC ANDATHODE",HOSP08PHC004,,,PHC,,THRISSUR,6440d365bc3a1cbc3609738a
"PHC ARIMPUR",HOSP08PHC005,,,PHC,,THRISSUR,6440d365bc3a1cbc3609738b
"PHC ARTHAT",HOSP08PHC006,,,PHC,,THRISSUR,6440d365bc3a1cbc3609738c
"PHC AVINISSERY",HOSP08PHC007,0487-2965200,phcavinisery@gmail.com,PHC,"PHC AVINISERY , P.O PALISSERY",THRISSUR,6440d365bc3a1cbc3609738d
"PHC AYYANTHOLE",HOSP08PHC008,,,PHC,,THRISSUR,6440d365bc3a1cbc3609738e
"PHC CHAMAKKALA",HOSP08PHC009,7560879550,phcchamakala@gmail.com,PHC,"FAMILY HEALTH CENTRE CHAMAKKALA,680687",THRISSUR,6440d365bc3a1cbc3609738f
"PHC CHOONDAL",HOSP08PHC010,,,PHC,,THRISSUR,6440d365bc3a1cbc36097390
"PHC CHOWANNUR",HOSP08PHC011,,"phc chowannur <chowannurphc@gmail.com>",PHC,"FAMILY HEALTH CENTRE, CHOWANNIR HOSPITAL MANAGEMENT COMMITTEE ",THRISSUR,6440d365bc3a1cbc36097391
"PHC DESHAMANGALAM",HOSP08PHC012,4884280346,fhcdesamangalam@gmail.com,PHC,"FAMILY HEALTH CENTRE DESAMANGALAM, DESAMANGALAM PO- 679532",THRISSUR,6440d365bc3a1cbc36097392
"PHC EDAVILANGU",HOSP08PHC013,4802815506,phcedavilange@gmail.com,PHC,"FAMILY HEALTH CENTRE EDAVILANGU, KARA PO THRISSUR - 680671Edavilangu",THRISSUR,6440d365bc3a1cbc36097393
"PHC ELANAD",HOSP08PHC014,9495204822,phcelanad2009@gmail.com,PHC,"PRIMARY HEALTH CENTRE ELANAD",THRISSUR,6440d365bc3a1cbc36097394
"PHC ELAVALLY",HOSP08PHC015,,,PHC,,THRISSUR,6440d365bc3a1cbc36097395
"PHC ENGANDIYUR",HOSP08PHC016,9495504232,phcengandiyur@gmail.com,PHC,"FHC ENGANDIYUR,KUNDALIYUR(PO),THRISSUR 680616",THRISSUR,6440d365bc3a1cbc36097396
"PHC KADANGODE",HOSP08PHC017,,,PHC,,THRISSUR,6440d365bc3a1cbc36097397
"PHC KAIPAMANGALAM",HOSP08PHC018,,,PHC,,THRISSUR,6440d365bc3a1cbc36097398
"PHC KAKKAD",HOSP08PHC019,,,PHC,,THRISSUR,6440d365bc3a1cbc36097399
"PHC KANDANASSERY",HOSP08PHC020,,,PHC,,THRISSUR,6440d365bc3a1cbc3609739a
"PHC KARALAM",HOSP08PHC021,"0480 2887810",karalamphc@gmail.com,PHC,"Family Health Centre, Karalam, Pin.680 711",THRISSUR,6440d365bc3a1cbc3609739b
"PHC KODAKARA",HOSP08PHC022,"0480 2 962551",phckodakara@gmail.com,PHC,"FAMILY HEALTH CENTER KODAKARA , PO KODAKARA, PIN 680684",THRISSUR,6440d365bc3a1cbc3609739c
"PHC KONDAZHY",HOSP08PHC023,8547023932,phckondazhy@ymail.com,PHC,"family health cetre kondazhy ",THRISSUR,6440d365bc3a1cbc3609739d
"PHC KOOLIMUTTOM",HOSP08PHC024,,,PHC,,THRISSUR,6440d365bc3a1cbc3609739e
"PHC KOORKENCHERY",HOSP08PHC025,"0487 2448256",phckoorkanchery@gmail.com,PHC,"PRIMARY HEALTH CENTRE, KOORKANCHERY, NEDUPUZHA P O,THRISSUR-680007",THRISSUR,6440d365bc3a1cbc3609739f
"PHC KUTHAMPILLY",HOSP08PHC026,9645958134,phckuthampully@gmail.com,PHC,"PHC Kuthampully , Thiruvilwamala Thrissur ",THRISSUR,6440d365bc3a1cbc360973a0
"PHC KUZHOOR",HOSP08PHC027,0480-2779406,phckuzhur@yahoo.in,PHC,"FAMILY HEALTH C ENTRE,KUZHUR,IRANIKULAM P.O,680734",THRISSUR,6440d365bc3a1cbc360973a1
"PHC MADAKATHARA",HOSP08PHC028,4872693930,mophcm@gmail.com,PHC,"Primary Health Centre -madakkathara,Karuvankkad,p.o. kundukkad,pincode-680028",THRISSUR,6440d365bc3a1cbc360973a2
"PHC MAMBRA",HOSP08PHC029,,,PHC,"NO AK",THRISSUR,6440d365bc3a1cbc360973a3
"PHC MANALOOR",HOSP08PHC030,9495384294,fhcmanalur@gmail.com,PHC,"KANDASSANKADAVU,MANALUR P O ,THRISSUR,680613",THRISSUR,6440d365bc3a1cbc360973a4
"PHC MATHILAKAM",HOSP08PHC031,4802641250,phcmathilakam@gmail.com,PHC,"P H C MATHILAKAM, P OMATHILAKAM PIN 68685",THRISSUR,6440d365bc3a1cbc360973a5
"PHC MELOOR",HOSP08PHC032,,,PHC,,THRISSUR,6440d365bc3a1cbc360973a6
"PHC METHALA",HOSP08PHC033,,,PHC,,THRISSUR,6440d365bc3a1cbc360973a7
"PHC MULAKUNNATHUKAVU",HOSP08PHC034,,,PHC,,THRISSUR,6440d365bc3a1cbc360973a8
"PHC MULLOORKARA",HOSP08PHC035,,,PHC,NA,THRISSUR,6440d365bc3a1cbc360973a9
"PHC MUNDATHICODE",HOSP08PHC036,9447710792,mundathikodephc@gmail.com,PHC,"Primary Health Centre Mundathikode, Ouduruthy PO- 680623",THRISSUR,6440d365bc3a1cbc360973aa
"PHC MUNDUR",HOSP08PHC037,9747173036,MUNDURPHC@gmail.com,PHC,"FAMILY HEALTH CENTRE  MUNDUR, P O MUNDUR, 680541",THRISSUR,6440d365bc3a1cbc360973ab
"PHC MUPLIYAM",HOSP08PHC038,"0480 2 78 1846",phcmupliyam@gmail.com,PHC,"PHC MUPLIYAM , PO MUPLIYAM PIN 680312",THRISSUR,6440d365bc3a1cbc360973ac
"PHC NADATHARA",HOSP08PHC039,8921402736,phcnadathara@yahoo.in,PHC,"FAMILY HEALTH CENTRE NADATHARA, P O KOZHUKULLY, THRISSUR ",THRISSUR,6440d365bc3a1cbc360973ad
"PHC NALUKETTU",HOSP08PHC040,,,PHC,,THRISSUR,6440d365bc3a1cbc360973ae
"PHC NATTIKA",HOSP08PHC041,9961644239,nattikaphc@gmail.com,PHC,"FAMIY HEALTH CENTRE NATTIKA",THRISSUR,6440d365bc3a1cbc360973af
"PHC NENMANIKKARA",HOSP08PHC042,4802752048,"phcnenmanikkara@gmail.com ",PHC,"FAMILY HEALTH CENTER , KUNNISSERY, ENMANIKKARA ",THRISSUR,6440d365bc3a1cbc360973b0
"PHC OLLUKKARA",HOSP08PHC043,4872372010,phcollukkara@gmail.com,PHC,"PRIMARY HEALTH CENTER OLLUKKARA, KALATHODE, OLLUKKARA P O, THRISSUR",THRISSUR,6440d365bc3a1cbc360973b1
"PHC ORUMANYUR",HOSP08PHC044,9746874289,phcorumanayur@gmail.com,PHC,"Primary Health Centre Orumanayur",THRISSUR,6440d365bc3a1cbc360973b2
"PHC PADIYUR",HOSP08PHC045,,,PHC,,THRISSUR,6440d365bc3a1cbc360973b3
"PHC PAMBOOR",HOSP08PHC046,4872387133,bphcpamboor@gmail.com,PHC,"Primary Health Centre Pamboor,Harijan Colony,P.O. Kuttur,Pincode-680013",THRISSUR,6440d365bc3a1cbc360973b4
"PHC PANJAL",HOSP08PHC047,,,PHC,,THRISSUR,6440d365bc3a1cbc360973b5
"PHC PARALAM",HOSP08PHC048,0487-2277960,phcparalam@gmail.com,PHC,"FAMILY HEALTH CENTRE PARALAM, AMMADAM P.O.",THRISSUR,6440d365bc3a1cbc360973b6
"PHC PARAPPUKKARA",HOSP08PHC049,,,PHC,NA,THRISSUR,6440d365bc3a1cbc360973b7
"PHC PARIYARAM",HOSP08PHC050,,,PHC,,THRISSUR,6440d365bc3a1cbc360973b8
"PHC PATTIKKAD",HOSP08PHC051,9447864399,phcpattikkad@gmail.com,PHC,"MEDICAL OFFICER,FHC PATTIKKAD, EDAPPALAM, PATTIKKAD",THRISSUR,6440d365bc3a1cbc360973b9
"PHC PAVARATTY",HOSP08PHC052,9995281461,mopavaratty@gmail.com,PHC,"Primary Health Centre Pavaratty,Orumayoor pin:680 507",THRISSUR,6440d365bc3a1cbc360973ba
"PHC PERUMBILAVU",HOSP08PHC053,,,PHC,,THRISSUR,6440d365bc3a1cbc360973bb
"PHC POOKODE",HOSP08PHC054,4872554200,primaryhealthcentrepookode@gmail.com,PHC,"Primary Health Centre  Pookode, Thamarayur PO",THRISSUR,6440d365bc3a1cbc360973bc
"PHC POOMALA",HOSP08PHC055,,,PHC,,THRISSUR,6440d365bc3a1cbc360973bd
"PHC POOMANGALAM",HOSP08PHC056,,,PHC,,THRISSUR,6440d365bc3a1cbc360973be
"PHC PORATHUSSERY",HOSP08PHC057,4802823936,phcporathissery@gmail.com,PHC,"Primary Health Centre, Porathussery , Pin.680125",THRISSUR,6440d365bc3a1cbc360973bf
"PHC PORKULAM",HOSP08PHC058,,phcporkulamporkulam@gmail.com,PHC,"primary health centre, porkulam ",THRISSUR,6440d365bc3a1cbc360973c0
"PHC POYYA",HOSP08PHC059,0480-2893131,poyyaphc@gmail.com,PHC,"FAMILY HEALTH CENTRE POYYA,POYYA PO,680733",THRISSUR,6440d365bc3a1cbc360973c1
"PHC PUNNAYUR",HOSP08PHC060,94464764447,phcpnr@gmail.con,PHC,"FHC PUNNAYUR, EDAKAZHIYUR PANCHAVADI   PO, THRISSUR DISTRICT. 680515",THRISSUR,6440d365bc3a1cbc360973c2
"PHC PUTHUR",HOSP08PHC061,,phcputhur@gmail.com,PHC,"PHC PUTHUR, VETTUKKAD P O, THRISSUR, PIN- 680014",THRISSUR,6440d365bc3a1cbc360973c3
"PHC RAMAVARMAPURAM",HOSP08PHC062,,,PHC,,THRISSUR,6440d365bc3a1cbc360973c4
"PHC THAIKKAD",HOSP08PHC063,9447992359,phcthaikkad@gmail.com,PHC,"FHC Thaikkad",THRISSUR,6440d365bc3a1cbc360973c5
"PHC THALIKULAM",HOSP08PHC064,4872604510,thalikulamphc@gmail.com,PHC,"FHC Thalikulam,thalikulam P O",THRISSUR,6440d365bc3a1cbc360973c6
"PHC THEKKUMKARA",HOSP08PHC065,4884267594,phcthekkumkara@gmail.com,PHC,"Family Health Centre Thekkumkara, Manalithara PO, Veerolippadam",THRISSUR,6440d365bc3a1cbc360973c7
"PHC THONOORKARA",HOSP08PHC066,9745313474,phcthonoorkara@gmail.com,PHC,"FAMILY HEALTH CENTRE THONOORKKKARA  P.O THONOORKKARA ",THRISSUR,6440d365bc3a1cbc360973c8
"PHC THRIKKUR",HOSP08PHC067,"0487 2 3521560",phcthrikkur@gmail.com,PHC,"family health center thrikkur , PO thrikkur PIN 680306",THRISSUR,6440d365bc3a1cbc360973c9
"PHC VALLACHIRA",HOSP08PHC068,4872342114,moincharge@gmail.com,PHC,"FHC VALLACHIRA,, PO VALLACHIRA  680562",THRISSUR,6440d365bc3a1cbc360973ca
"PHC VALLATHOL NAGAR",HOSP08PHC069,9847148453,phcvnagar@gmail.com,PHC,"Family Health Centre                   vallathol Nagar  Thrissur 679531",THRISSUR,6440d365bc3a1cbc360973cb
"PHC VANIYAMAPARA",HOSP08PHC070,9496416330,phcvaniyamparamedicalofficer@yahoo.in,PHC,"FAMILY HEALTH CENTRE VANIYAMPARA, P O VANIAMPARA, THRISSUR, PIN-680652",THRISSUR,6440d365bc3a1cbc360973cc
"PHC VARANDARAPPILLY",HOSP08PHC071,"0480 2762464",phcvarantharapilly@gmail.com,PHC,"FAMILY HEALTH CENTER, VARANTHARAPILLY, PIN 680303",THRISSUR,6440d365bc3a1cbc360973cd
"PHC VARAVOOR",HOSP08PHC072,4884280708,phcvaravoor@gmail.com,PHC,"PRIMARY HEALTH CENTRE VARAVOOR,VARAVOOR (PO)-680585",THRISSUR,6440d365bc3a1cbc360973ce
"PHC VELLANGALLUR",HOSP08PHC073,,,PHC,,THRISSUR,6440d365bc3a1cbc360973cf
"PHC VELOOKKARA",HOSP08PHC074,,,PHC,,THRISSUR,6440d365bc3a1cbc360973d0
"PHC VELUR",HOSP08PHC075,,"phcvelur@gmail.com ",PHC,"primary health centre, velur ",THRISSUR,6440d365bc3a1cbc360973d1
"PHC VEMBELLUR",HOSP08PHC076,4802854118,phcp.vemballor@gmail.com,PHC,"FAMILY HEALTH CENTRE,P.VEMBALLUR,THRISSUR DT.PIN 680671",THRISSUR,6440d365bc3a1cbc360973d2
"PHC VENKITANGU",HOSP08PHC077,8281287378,phc.vkg@gmail.com,PHC,"FAMILY HEALTH CENTRE,VENKITANGU, PADOOR P O, PIN:680524",THRISSUR,6440d365bc3a1cbc360973d3
"PHC VETTILAPPARA",HOSP08PHC078,,,PHC,,THRISSUR,6440d365bc3a1cbc360973d4
"PHC VILVATTOM",HOSP08PHC079,4872694535,bphcvilvattom@gmail.com,PHC,"Family Health Centre Vilvattom,p.o. Ramavarmapuram ,pincode-680631",THRISSUR,6440d365bc3a1cbc360973d5
"Gandhi gram Leprosy hospital,Koratty",HOSP08TH007,0480-2732035,gghdkty1955@gmail.com,THQH,"GANDHIGRAM GOVT HOSPITAL OF DERMATOLOGY,KORATTY,680308",THRISSUR,6440d365bc3a1cbc360973d6
"TH CHELAKKARA",HOSP08TH003,9447671663,chcchelakkara2010@gmail.com,THQH,"TH Chelakakra
Chelakakra P O Thrissur 680586",THRISSUR,6440d365bc3a1cbc360973d7
"TH KUNNAMKULAM",HOSP08TH005,9847513374,talukhospitalkkm@gmail.com,THQH,"GOVT.HOSPITAL KUNNAMKULAM 680503",THRISSUR,6440d365bc3a1cbc360973d8
"TH PUDUKKAD",HOSP08TH006,,chcpudukad@gmail.com,THQH,"Taluk Hospital, Pudukad, 680301",THRISSUR,6440d365bc3a1cbc360973d9
"THQH CHALAKUDY",HOSP08TH001,8606237138,thqhckdy123@gmail.com,THQH,"THQH Chalakudy, 680307",THRISSUR,6440d365bc3a1cbc360973da
"THQH CHAVAKKAD",HOSP08TH002,4802501110,govthoscvd@gmail.com,THQH,"TALUK HEAD QUARTERS HOSPITAL CHAVAKKAD",THRISSUR,6440d365bc3a1cbc360973db
"THQH KODUNGALLUR",HOSP08TH004,9446232962,"thqhkdlro@gmail.com,prokdlr@gmail.com",THQH,"TALUK HEAD QUARTERS HOSPITAL KODUNGALLUR",THRISSUR,6440d365bc3a1cbc360973dc
"Govt.Mental Health centre ,Thrissur",HOSP08TH008,,,THQH,,THRISSUR,6440d365bc3a1cbc360973dd
"Govt.TB centre ,Thrissur",HOSP08TH009,,,THQH,,THRISSUR,6440d365bc3a1cbc360973de
"DH WADAKKANCHERY",HOSP08DH001,04884-232224,thqhwky@yahoo.com,DH,,THRISSUR,6440d365bc3a1cbc360973df
"GH IRINJALAKUDA",HOSP08GH001,4802825213,thqhijk@gmail.com,GH,"Irinjalakuda GH Hospital,Tana",THRISSUR,6440d365bc3a1cbc360973e0
"GH THRISSUR",HOSP08GH002,,districthospitalthrissur@gmail.com,GH,"swaraj 
round thrissur ",THRISSUR,6440d365bc3a1cbc360973e1
"MCH Thrissur",HOSP08MCH001,,,MCH,,THRISSUR,6440d365bc3a1cbc360973e2
"Medical College chest hospital",HOSP08MCH002,,,MCH,,THRISSUR,6440d365bc3a1cbc360973e3
"Test hospital",1234567,7686787888,testhospital@gmail.com,,,Thiruvananthapuram,64475db32f66bb072106bcd2
